[
  {
    "dimension": {
      "f_135804_": "minecraft",
      "f_135805_": "overworld"
    },
    "id": "208f1567-25eb-471c-8f41-79420d607dc8",
    "ownerID": "8dad15fa-ca90-3a0c-8995-23cd2cf6e2d2",
    "pos": {
      "f_123285_": 444,
      "f_123286_": 102,
      "f_123289_": 131
    },
    "type": 1
  },
  {
    "dimension": {
      "f_135804_": "minecraft",
      "f_135805_": "overworld"
    },
    "id": "e9af9f09-cd34-4bf1-9c3c-b14d96a220ff",
    "ownerID": "a5708298-34f1-3abe-ab85-421dac710299",
    "pos": {
      "f_123285_": -3,
      "f_123286_": 92,
      "f_123289_": 6
    },
    "type": 1
  }
]