{"stats":{"minecraft:killed_by":{"minecraft:skeleton":1},"minecraft:used":{"minecraft:iron_shovel":18,"minecraft:oak_sign":1,"minecraft:shield":4,"minecraft:iron_sword":5,"twigs:roseate_seashell":1,"minecraft:rotten_flesh":27,"minecraft:mutton":1,"create:cogwheel":4,"minecraft:carrot":2,"minecraft:tuff":2,"miners_delight:baked_tentacles":2,"minecraft:lantern":2,"minecraft:furnace":5,"minecraft:cooked_cod":4,"chalk:chalk_box":31,"forbidden_arcanus:edelwood_bucket":4,"minecraft:diorite":19,"upgrade_aquatic:mulberry":2,"minecraft:oak_planks":70,"minecraft:stone_pickaxe":115,"minecraft:wooden_pickaxe":56,"minecraft:sugar_cane":3,"minecraft:golden_apple":1,"minecraft:glow_berries":4,"minecraft:bread":5,"minecraft:string":1,"minecraft:deepslate":13,"minecraft:gravel":2,"biomesoplenty:glowing_moss_carpet":16,"minecraft:lilac":1,"miners_delight:baked_squid":1,"minecraft:andesite":7,"minecraft:rose_bush":1,"biomesoplenty:glowing_moss_block":5,"woodworks:oak_chest":6,"minecraft:spruce_planks":1,"minecraft:cooked_salmon":2,"minecraft:cooked_chicken":1,"woodworks:spruce_chest":4,"minecraft:torch":69,"minecraft:dirt":36,"twigs:rhyolite":3,"biomesoplenty:maple_sapling":5,"farmersdelight:rope":4,"minecraft:iron_axe":742,"twigs:tangerine_seashell":1,"minecraft:cobbled_deepslate":66,"forbidden_arcanus:edelwood_lava_bucket":5,"minecraft:fletching_table":1,"minecraft:leather_boots":1,"minecraft:crafting_table":6,"supplementaries:bomb":3,"minecraft:spider_eye":1,"minecraft:white_bed":1,"minecraft:campfire":1,"minecraft:spruce_log":3,"upgrade_aquatic:river_log":2,"minecraft:oak_log":4,"minecraft:mud":18,"minecraft:apple":7,"minecraft:suspicious_stew":2,"minecraft:iron_pickaxe":626,"minecraft:stone_axe":22,"miners_delight:mushroom_stew_cup":11,"forbidden_arcanus:cooked_tentacle":4,"minecraft:cobblestone":108,"sophisticatedstorage:iron_chest":1,"thinair:safety_lantern":1,"minecraft:cooked_porkchop":3,"twigs:pebble":5,"minecraft:dandelion":1},"minecraft:custom":{"enigmaticlegacy:play_time_with_seven_curses":0,"lootr:looted_stat":5,"minecraft:interact_with_crafting_table":84,"minecraft:leave_game":1,"minecraft:time_since_death":11956,"minecraft:sprint_one_cm":695392,"minecraft:damage_blocked_by_shield":240,"minecraft:drop":115,"minecraft:play_time":220352,"minecraft:deaths":5,"minecraft:jump":3557,"minecraft:walk_on_water_one_cm":23956,"minecraft:interact_with_furnace":133,"minecraft:sleep_in_bed":1,"minecraft:damage_dealt":16067,"minecraft:crouch_one_cm":45212,"minecraft:horse_one_cm":4995,"minecraft:mob_kills":90,"minecraft:climb_one_cm":3834,"minecraft:walk_one_cm":347620,"minecraft:sneak_time":14112,"minecraft:walk_under_water_one_cm":5352,"minecraft:total_world_time":220352,"enigmaticlegacy:play_time_without_seven_curses":220208,"minecraft:time_since_rest":11977,"minecraft:damage_taken":3861,"minecraft:swim_one_cm":20350,"minecraft:fly_one_cm":546982,"minecraft:open_chest":153,"minecraft:fall_one_cm":93820},"minecraft:crafted":{"minecraft:oak_planks":180,"minecraft:cooked_chicken":1,"minecraft:cooked_mutton":1,"minecraft:iron_boots":1,"minecraft:deepslate":13,"sophisticatedbackpacks:backpack":1,"minecraft:cooked_porkchop":2,"minecraft:crafting_table":3,"minecraft:spruce_planks":60,"minecraft:wooden_pickaxe":1,"minecraft:iron_helmet":1,"minecraft:copper_ingot":25,"minecraft:campfire":1,"minecraft:iron_chestplate":1,"minecraft:charcoal":28,"minecraft:shield":3,"minecraft:stick":84,"minecraft:iron_ingot":61,"minecraft:iron_pickaxe":3,"miners_delight:copper_cup":3,"minecraft:gold_ingot":10,"minecraft:furnace":5,"woodworks:spruce_chest":3,"minecraft:iron_axe":3,"minecraft:stone_pickaxe":1,"minecraft:iron_sword":1,"minecraft:bowl":4,"upgrade_aquatic:river_planks":4,"minecraft:bucket":2,"minecraft:stone_axe":1,"minecraft:bread":3,"minecraft:air":0,"woodworks:oak_chest":7,"minecraft:white_wool":3,"minecraft:iron_shovel":1,"minecraft:iron_leggings":1,"minecraft:white_bed":1,"minecraft:torch":44},"minecraft:mined":{"biomesoplenty:glowshroom":4,"minecraft:spruce_planks":2,"minecraft:granite":21,"minecraft:grass_block":13,"twigs:twig":1,"minecraft:iron_ore":42,"minecraft:fletching_table":1,"minecraft:deepslate_lapis_ore":8,"immersiveengineering:deepslate_ore_nickel":10,"biomesoplenty:glowshroom_block":5,"minecraft:tripwire":1,"minecraft:deepslate_redstone_ore":8,"create:cogwheel":1,"minecraft:brown_mushroom":81,"biomesoplenty:glowing_moss_carpet":1,"woodworks:spruce_chest":2,"minecraft:torch":26,"undead_unleashed:grave_soil":2,"supplementaries:wild_flax":1,"minecraft:mushroom_stem":49,"minecraft:cobblestone":7,"minecraft:oak_planks":11,"minecraft:wall_torch":7,"minecraft:mud":3,"minecraft:wheat":11,"minecraft:lilac":2,"immersiveengineering:deepslate_ore_lead":2,"biomesoplenty:maple_leaves":68,"minecraft:grass":10,"minecraft:oak_log":223,"minecraft:dirt":28,"minecraft:red_mushroom_block":142,"minecraft:oak_leaves":1,"minecraft:deepslate":102,"create:zinc_ore":1,"biomesoplenty:glowing_moss_block":5,"minecraft:tuff":2,"upgrade_aquatic:river_log":1,"minecraft:deepslate_diamond_ore":1,"minecraft:candle":2,"tetra:block_geode":1,"thinair:signal_torch":2,"minecraft:glow_lichen":1,"minecraft:brown_mushroom_block":62,"minecraft:spruce_leaves":6,"iter_rpg:big_vase":2,"minecraft:red_mushroom":41,"minecraft:hay_block":4,"forbidden_arcanus:deepslate_arcane_crystal_ore":11,"iter_rpg:small_vase":2,"minecraft:andesite":22,"farmersdelight:rope":1,"minecraft:deepslate_iron_ore":59,"minecraft:vine":7,"minecraft:rail":7,"minecraft:lantern":1,"minecraft:stripped_oak_log":1,"minecraft:stone":334,"twigs:pebble":2,"minecraft:glass_pane":1,"create_new_age:magnetite_block":1,"minecraft:crafting_table":4,"iter_rpg:vase":2,"twigs:roseate_seashell":2,"minecraft:rose_bush":1,"minecraft:campfire":2,"minecraft:copper_ore":1,"minecraft:lapis_ore":1,"minecraft:deepslate_gold_ore":21,"minecraft:diorite":34,"upgrade_aquatic:river_leaves":1,"supplementaries:urn":3,"forbidden_arcanus:xpetrified_ore":9,"twigs:tangerine_seashell":1,"minecraft:spruce_log":7,"minecraft:coal_ore":52,"minecraft:gravel":7,"minecraft:gold_ore":5,"minecraft:fern":6},"minecraft:killed":{"scguns:broken_mining_unit":1,"minecraft:cave_spider":1,"minecraft:spider":9,"quark:forgotten":1,"minecraft:skeleton":8,"scguns:cog_knight":1,"irons_spellbooks:summoned_skeleton":1,"minecraft:pig":1,"alexsmobs:grizzly_bear":1,"minecraft:creeper":4,"minecraft:sheep":3,"minecraft:trader_llama":1,"minecraft:zombie":22,"undead_unleashed:shadewraith":2,"enemyexpansion:vampire":1,"enemyexpansion:botfly":5,"undead_unleashed:haunter":3,"scguns:wool_man":6,"minecraft:horse":1,"enemyexpansion:sprinter":1,"enemyexpansion:crawler":3,"enemyexpansion:huntsman":1,"scguns:broken_grinder_unit":1,"scguns:dissident":2,"scguns:training_dummy":1},"minecraft:dropped":{"minecraft:brown_mushroom":89,"minecraft:lapis_lazuli":63,"minecraft:oak_log":21,"create:cogwheel":2,"minecraft:leather":2,"minecraft:fletching_table":1,"farmersdelight:rice":2,"minecraft:red_mushroom":85,"minecraft:item_frame":3,"undead_unleashed:cursed_cloth":1,"iter_rpg:deepslate_geode":1,"pyrologernfriends:iron_dagger":2,"minecraft:gold_nugget":3,"ftbquests:book":3,"twigs:twig":5,"minecraft:gold_ingot":2,"minecraft:stone_axe":3,"minecraft:iron_nugget":8,"sophisticatedstorage:basic_tier_upgrade":4,"minecraft:cobbled_deepslate":14,"minecraft:wheat":1,"minecraft:rotten_flesh":4,"biomesoplenty:glowing_moss_block":1,"scguns:riveter":1,"supplementaries:flax_seeds":1,"minecraft:gunpowder":2,"minecraft:leather_boots":1,"quark:forgotten_hat":1,"farmersdelight:rope":1,"minecraft:arrow":4,"minecraft:bread":2,"minecraft:wheat_seeds":38,"minecraft:golden_helmet":1,"minecraft:lilac":5,"enigmaticlegacy:the_acknowledgment":1,"biomesoplenty:maple_sapling":3,"minecraft:cobblestone":65,"minecraft:golden_axe":3,"minecraft:granite":2,"pyrologernfriends:dynamite":1,"minecraft:coal":9,"irons_spellbooks:scroll":1,"minecraft:diamond_horse_armor":1,"miners_delight:mushroom_stew_cup":2,"minecraft:torch":10,"scguns:rivet":4,"minecraft:iron_axe":3,"biomesoplenty:glowshroom":5,"minecraft:chainmail_leggings":1,"minecraft:string":2,"minecraft:bucket":1,"cold_sweat:thermometer":3,"scguns:basic_mechanism":1,"create:raw_zinc":1,"minecraft:spruce_sapling":1,"forbidden_arcanus:edelwood_lava_bucket":1,"twigs:roseate_seashell":1,"minecraft:raw_copper":4,"minecraft:deepslate":13,"scguns:shell_pouch":1,"minecraft:shears":1,"upgrade_aquatic:river_sapling":2,"minecraft:hay_block":1,"upgrade_aquatic:river_log":6,"minecraft:shield":3,"biomesoplenty:glowworm_silk":1,"minecraft:spruce_planks":42,"minecraft:spider_eye":1,"minecraft:spruce_log":6,"minecraft:stone_pickaxe":2,"minecraft:wooden_pickaxe":1,"minecraft:raw_gold":15,"minecraft:nautilus_shell":1,"scguns:basic_bullet_pouch":1,"iter_rpg:ametrine_nugget":1},"minecraft:picked_up":{"irons_spellbooks:scroll":1,"minecraft:wheat":41,"minecraft:suspicious_stew":2,"undead_unleashed:cursed_cloth":1,"twigs:roseate_seashell":2,"minecraft:lead":1,"enigmaticlegacy:enigmatic_eye":1,"forbidden_arcanus:xpetrified_orb":9,"minecraft:string":23,"minecraft:raw_copper":14,"minecraft:cooked_salmon":2,"upgrade_aquatic:river_sapling":4,"immersiveengineering:raw_lead":2,"irons_spellbooks:arcane_essence":4,"upgrade_aquatic:river_log":15,"minecraft:gold_nugget":7,"minecraft:cobbled_deepslate":111,"twigs:pebble":5,"minecraft:spruce_planks":169,"delightful:acorn":1,"minecraft:rose_bush":1,"pyrologernfriends:iron_dagger":3,"minecraft:iron_pickaxe":2,"upgrade_aquatic:mulberry":3,"minecraft:golden_helmet":2,"minecraft:stick":28,"minecraft:torch":87,"minecraft:porkchop":2,"minecraft:golden_axe":4,"minecraft:diorite":19,"minecraft:rotten_flesh":47,"pyrologernfriends:dynamite":2,"scguns:riveter":1,"farmersdelight:rope":1,"twigs:tangerine_seashell":1,"minecraft:cobblestone":536,"minecraft:nautilus_shell":1,"farmersdelight:rice":4,"minecraft:feather":6,"minecraft:lilac":9,"minecraft:andesite":14,"miners_delight:mushroom_stew_cup":5,"biomesoplenty:glowshroom":20,"alexsmobs:bear_fur":2,"enigmaticlegacy:the_acknowledgment":3,"minecraft:flint":20,"minecraft:tuff":2,"create:raw_zinc":1,"supplementaries:flax_seeds":1,"miners_delight:baked_squid":1,"minecraft:lapis_lazuli":112,"minecraft:dirt":79,"minecraft:lantern":4,"miners_delight:baked_tentacles":2,"minecraft:leather_boots":3,"minecraft:bone":21,"iter_rpg:ametrine_nugget":2,"minecraft:wheat_seeds":98,"minecraft:raw_gold":26,"ftbquests:book":3,"minecraft:fletching_table":5,"twigs:twig":65,"minecraft:oak_planks":15,"minecraft:cooked_porkchop":1,"create:cogwheel":12,"scguns:basic_mechanism":1,"minecraft:deepslate":13,"scguns:basic_bullet_pouch":2,"minecraft:diamond":1,"minecraft:granite":2,"minecraft:golden_apple":1,"scguns:shell_pouch":1,"miners_delight:copper_cup":2,"immersiveengineering:raw_nickel":10,"minecraft:oak_sapling":4,"twigs:rhyolite":3,"minecraft:mud":18,"minecraft:charcoal":12,"minecraft:crafting_table":5,"minecraft:brown_mushroom":127,"minecraft:diamond_horse_armor":1,"woodworks:spruce_chest":2,"minecraft:shield":2,"minecraft:iron_axe":8,"minecraft:item_frame":6,"minecraft:iron_shovel":1,"cold_sweat:thermometer":7,"minecraft:candle":6,"scguns:rivet":8,"minecraft:iron_nugget":24,"minecraft:light_gray_wool":1,"scguns:stone_chunk":9,"minecraft:sugar_cane":9,"minecraft:egg":2,"minecraft:raw_iron":99,"minecraft:copper_ingot":12,"scguns:brass_slag":2,"minecraft:carrot":1,"minecraft:redstone":38,"minecraft:cooked_cod":4,"minecraft:arrow":12,"minecraft:pumpkin_pie":1,"minecraft:shears":1,"minecraft:hay_block":9,"minecraft:saddle":1,"minecraft:mutton":4,"minecraft:glow_berries":2,"minecraft:white_wool":4,"minecraft:rail":17,"minecraft:stripped_oak_log":1,"forbidden_arcanus:cooked_tentacle":4,"pyrologernfriends:boomstick":2,"minecraft:leather":11,"minecraft:red_mushroom":96,"minecraft:oak_log":236,"minecraft:gunpowder":11,"biomesoplenty:glowing_moss_carpet":16,"quark:forgotten_hat":2,"scguns:pure_gunpowder_dust":2,"sophisticatedstorage:basic_tier_upgrade":3,"minecraft:apple":8,"biomesoplenty:glowworm_silk":3,"iter_rpg:potsherd":7,"minecraft:iron_ingot":10,"minecraft:stone_pickaxe":4,"minecraft:cooked_chicken":1,"minecraft:iron_sword":1,"iter_rpg:deepslate_geode":2,"minecraft:dandelion":1,"minecraft:gravel":2,"enigmaticlegacy:enigmatic_amulet":3,"minecraft:amethyst_shard":1,"undead_unleashed:grave_metal_scrap":6,"minecraft:spruce_sapling":8,"minecraft:spruce_log":36,"biomesoplenty:glowing_moss_block":6,"minecraft:spider_eye":4,"forbidden_arcanus:arcane_crystal":12,"biomesoplenty:maple_sapling":140,"immersiveengineering:seed":1,"minecraft:stone_axe":6,"minecraft:chainmail_leggings":2,"thinair:respirator":1,"minecraft:black_wool":1,"minecraft:coal":57},"minecraft:broken":{"minecraft:iron_axe":3,"minecraft:iron_pickaxe":2}},"DataVersion":3120}