{"stats":{"minecraft:killed_by":{"mutationcraft:assimilated_human":2,"minecraft:player":1,"minecraft:drowned":1,"minecraft:zombie":1,"zombie_extreme:runner":1},"minecraft:mined":{"minecraft:iron_ore":7,"minecraft:sweet_berry_bush":7,"minecraft:spruce_log":7,"minecraft:andesite":2,"minecraft:crafting_table":3,"minecraft:torch":2,"minecraft:grass_block":4,"minecraft:coal_ore":44,"minecraft:dirt":10,"minecraft:copper_ore":17,"minecraft:spruce_leaves":1,"minecraft:stone":43,"minecraft:oak_leaves":2},"minecraft:used":{"minecraft:stone_sword":40,"minecraft:glass_bottle":3,"minecraft:stone_pickaxe":115,"minecraft:bread":1,"minecraft:wooden_pickaxe":12,"minecraft:iron_sword":1,"minecraft:stone_axe":14,"minecraft:torch":8,"chalk:red_chalk":12,"minecraft:dirt":4,"minecraft:cobblestone":26,"minecraft:potion":7,"minecraft:sweet_berries":1,"minecraft:crafting_table":2,"chalk:blue_chalk":2,"minecraft:andesite":2},"minecraft:crafted":{"minecraft:potion":5,"minecraft:air":36},"minecraft:killed":{"minecraft:sheep":2,"minecraft:husk":1,"minecraft:pig":5,"minecraft:zombie":7,"alexsmobs:cockroach":1,"minecraft:zombie_villager":1,"minecraft:chicken":4,"alexsmobs:fly":1,"minecraft:cow":1},"minecraft:picked_up":{"minecraft:raw_iron":7,"minecraft:stick":9,"minecraft:crafting_table":3,"minecraft:feather":4,"minecraft:chicken":3,"minecraft:sweet_berries":23,"minecraft:andesite":2,"minecraft:leather":3,"minecraft:torch":2,"minecraft:porkchop":13,"minecraft:oak_log":5,"minecraft:spruce_sapling":4,"minecraft:spruce_log":47,"minecraft:string":4,"minecraft:dirt":13,"minecraft:raw_copper":43,"minecraft:bone":12,"minecraft:rotten_flesh":9,"minecraft:beef":5,"tac:9mm_round":3,"minecraft:oak_sapling":3,"minecraft:iron_sword":1,"minecraft:mutton":4,"minecraft:coal":47,"minecraft:white_wool":2,"minecraft:cobblestone":42},"minecraft:custom":{"minecraft:time_since_rest":55,"minecraft:interact_with_furnace":6,"minecraft:sprint_one_cm":82122,"minecraft:damage_taken":1552,"minecraft:walk_one_cm":118457,"minecraft:mob_kills":23,"minecraft:damage_dealt":1845,"minecraft:swim_one_cm":16126,"minecraft:interact_with_crafting_table":12,"minecraft:fly_one_cm":58793,"minecraft:open_chest":10,"minecraft:crouch_one_cm":17463,"minecraft:play_time":46685,"minecraft:deaths":6,"minecraft:sneak_time":5816,"minecraft:walk_under_water_one_cm":4849,"minecraft:damage_dealt_resisted":4,"minecraft:jump":380,"minecraft:leave_game":3,"minecraft:time_since_death":0,"minecraft:walk_on_water_one_cm":3446,"minecraft:total_world_time":46685,"minecraft:fall_one_cm":4031}},"DataVersion":2975}