{"stats":{"minecraft:killed_by":{"undead_unleashed:shadewraith":1,"enemyexpansion:huntsman":1,"minecraft:vindicator":1,"scguns:trauma_unit":1,"enemyexpansion:invisicreeper":2,"minecraft:skeleton":1},"minecraft:used":{"minecraft:iron_shovel":395,"minecraft:oak_sign":1,"minecraft:iron_sword":191,"minecraft:iron_chestplate":1,"scguns:riveter":1,"minecraft:bow":5,"minecraft:written_book":1,"minecraft:furnace":12,"miners_delight:copper_pot":7,"minecraft:stone_pickaxe":238,"minecraft:oak_planks":289,"minecraft:wooden_pickaxe":13,"minecraft:glow_berries":3,"culturaldelights:squid":1,"minecraft:black_bed":1,"minecraft:bread":17,"create:honeyed_apple":1,"minecraft:oak_boat":2,"minecraft:stone_sword":2,"minecraft:flint_and_steel":11,"woodworks:oak_chest":3,"minecraft:spruce_planks":35,"minecraft:wooden_shovel":11,"minecraft:cooked_salmon":2,"minecraft:cooked_chicken":1,"endrem:lost_eye":1,"minecraft:torch":150,"minecraft:dirt":21,"miners_delight:copper_cup":1,"enigmaticlegacy:common_potion":1,"minecraft:light_weighted_pressure_plate":1,"minecraft:iron_axe":151,"pyrologernfriends:iron_dagger":1,"twigs:tangerine_seashell":1,"minecraft:golden_axe":18,"minecraft:cobbled_deepslate":6,"minecraft:water_bucket":2,"minecraft:leather_boots":1,"minecraft:crafting_table":14,"minecraft:white_bed":2,"minecraft:campfire":2,"minecraft:spruce_log":1,"minecraft:diamond_pickaxe":65,"minecraft:iron_pickaxe":157,"miners_delight:mushroom_stew_cup":17,"minecraft:stone_axe":88,"minecraft:cobblestone":17,"sophisticatedstorage:iron_chest":1,"minecraft:bucket":6,"minecraft:chainmail_leggings":1},"minecraft:custom":{"enigmaticlegacy:play_time_with_seven_curses":0,"lootr:looted_stat":11,"minecraft:interact_with_crafting_table":131,"minecraft:open_barrel":8,"goblintraders:trade_with_goblin":24,"minecraft:leave_game":6,"minecraft:time_since_death":152521,"minecraft:sprint_one_cm":776745,"minecraft:drop":252,"minecraft:talked_to_villager":14,"minecraft:play_time":315306,"minecraft:deaths":10,"minecraft:jump":4458,"minecraft:walk_on_water_one_cm":6701,"minecraft:interact_with_furnace":86,"minecraft:interact_with_loom":1,"minecraft:sleep_in_bed":2,"minecraft:damage_dealt":7815,"minecraft:crouch_one_cm":38694,"minecraft:interact_with_smoker":4,"minecraft:interact_with_smithing_table":2,"minecraft:mob_kills":42,"minecraft:climb_one_cm":11127,"minecraft:walk_one_cm":458651,"minecraft:sneak_time":13263,"minecraft:walk_under_water_one_cm":3172,"minecraft:boat_one_cm":1274,"minecraft:interact_with_blast_furnace":5,"minecraft:total_world_time":315306,"enigmaticlegacy:play_time_without_seven_curses":315016,"minecraft:interact_with_grindstone":1,"minecraft:time_since_rest":39110,"minecraft:damage_taken":3917,"minecraft:trigger_trapped_chest":1,"minecraft:swim_one_cm":17641,"minecraft:fly_one_cm":1008534,"minecraft:open_chest":184,"minecraft:fall_one_cm":105579},"minecraft:crafted":{"minecraft:oak_planks":460,"minecraft:cooked_chicken":1,"immersiveengineering:manual":1,"minecraft:lever":1,"shieldexp:iron_shield":1,"minecraft:cooked_mutton":1,"miners_delight:mushroom_stew_cup":5,"minecraft:iron_boots":2,"improvableskills:skills_book":1,"minecraft:wooden_shovel":3,"sophisticatedbackpacks:backpack":2,"minecraft:crafting_table":8,"minecraft:spruce_planks":92,"minecraft:wooden_pickaxe":1,"minecraft:iron_helmet":1,"minecraft:copper_ingot":54,"minecraft:campfire":1,"minecraft:book":1,"minecraft:iron_chestplate":1,"minecraft:paper":9,"minecraft:diamond_pickaxe":1,"minecraft:stick":88,"minecraft:iron_ingot":58,"minecraft:iron_pickaxe":1,"minecraft:stone_sword":1,"miners_delight:copper_cup":15,"minecraft:gold_ingot":7,"minecraft:furnace":6,"minecraft:bone_meal":39,"minecraft:flint_and_steel":1,"minecraft:iron_axe":1,"minecraft:stone_pickaxe":3,"minecraft:wheat":27,"sophisticatedbackpacks:iron_backpack":1,"minecraft:iron_sword":2,"minecraft:bowl":8,"sophisticatedbackpacks:gold_backpack":1,"minecraft:bucket":3,"miners_delight:copper_pot":2,"minecraft:stone_axe":1,"minecraft:bread":12,"minecraft:air":0,"woodworks:oak_chest":5,"cold_sweat:thermometer":1,"minecraft:oak_boat":1,"minecraft:white_wool":3,"minecraft:oak_stairs":16,"minecraft:iron_shovel":2,"minecraft:white_bed":1,"minecraft:torch":140,"create:zinc_ingot":8},"minecraft:mined":{"create:deepslate_zinc_ore":26,"minecraft:spruce_planks":5,"minecraft:white_bed":2,"quark:oak_leaf_carpet":2,"minecraft:grass_block":32,"minecraft:coal_block":5,"minecraft:oak_wall_sign":1,"minecraft:spawner":1,"immersiveengineering:deepslate_ore_uranium":8,"minecraft:magma_block":1,"minecraft:fire":9,"minecraft:iron_ore":33,"minecraft:cobbled_deepslate":2,"minecraft:deepslate_lapis_ore":7,"minecraft:fletching_table":1,"minecraft:purple_carpet":7,"minecraft:light_gray_concrete":5,"minecraft:deepslate_redstone_ore":9,"minecraft:brown_mushroom":3,"quark:gold_bars":1,"minecraft:torch":6,"minecraft:poppy":1,"minecraft:mushroom_stem":9,"minecraft:cobblestone":3,"minecraft:oak_planks":8,"minecraft:sugar_cane":5,"minecraft:wall_torch":2,"minecraft:light_weighted_pressure_plate":1,"minecraft:mud":1,"biomesoplenty:glowworm_silk_strand":1,"minecraft:lilac":1,"biomesoplenty:maple_leaves":12,"minecraft:tnt":2,"minecraft:black_bed":1,"minecraft:grass":15,"minecraft:oak_log":106,"minecraft:loom":3,"minecraft:sand":1,"minecraft:dirt":28,"minecraft:smooth_basalt":2,"minecraft:red_mushroom_block":17,"create:crimsite":1,"minecraft:deepslate":28,"create:cut_tuff":1,"biomesoplenty:glowing_moss_block":1,"create:zinc_ore":1,"forbidden_arcanus:stella_arcanum":1,"upgrade_aquatic:river_log":8,"minecraft:deepslate_diamond_ore":5,"create_new_age:thorium_ore":12,"minecraft:brown_mushroom_block":7,"minecraft:spruce_leaves":4,"iter_rpg:big_vase":1,"minecraft:hay_block":3,"forbidden_arcanus:deepslate_arcane_crystal_ore":6,"minecraft:furnace":11,"iter_rpg:small_vase":1,"minecraft:polished_basalt":2,"minecraft:snow":355,"minecraft:andesite":1,"minecraft:bookshelf":25,"minecraft:deepslate_iron_ore":22,"minecraft:stone":172,"ad_astra:sky_stone":2,"twigs:opaline_seashell":1,"immersiveengineering:ore_aluminum":5,"minecraft:podzol":1,"twigs:pebble":1,"minecraft:glass_pane":1,"minecraft:basalt":3,"quark:spruce_bookshelf":6,"minecraft:crafting_table":7,"minecraft:campfire":1,"minecraft:copper_ore":9,"minecraft:tall_grass":1,"biomesoplenty:sprout":4,"minecraft:deepslate_gold_ore":3,"minecraft:diorite":2,"twigs:tangerine_seashell":3,"iter_rpg:abyss_quartz":1,"minecraft:spruce_log":29,"minecraft:coal_ore":56,"iter_rpg:spider_egg":1,"minecraft:cobweb":30,"minecraft:stone_bricks":1,"atmospheric:golden_growths":2,"minecraft:gold_ore":1,"miners_delight:copper_pot":6,"forbidden_arcanus:runic_deepslate":1,"minecraft:fern":7,"environmental:dwarf_spruce":1},"minecraft:killed":{"scguns:broken_mining_unit":3,"minecraft:spider":2,"quark:forgotten":1,"minecraft:skeleton":3,"irons_spellbooks:summoned_skeleton":1,"minecraft:pig":1,"iter_rpg:spiderling":3,"irons_spellbooks:necromancer":1,"scguns:railway_bandit":2,"minecraft:pillager":1,"minecraft:zombie":7,"enemyexpansion:botfly":3,"undead_unleashed:haunter":2,"minecraft:cow":5,"scguns:wool_man":2,"irons_spellbooks:summoned_zombie":1,"minecraft:vindicator":4,"enemyexpansion:direwolf":1,"scguns:club_railway_bandit":1},"minecraft:dropped":{"minecraft:iron_sword":2,"minecraft:brown_mushroom":5,"minecraft:oak_log":2,"minecraft:loom":3,"quark:gold_bars":2,"minecraft:glass_bottle":1,"minecraft:crafting_table":1,"minecraft:cooked_porkchop":1,"minecraft:glow_berries":2,"minecraft:lantern":4,"create:cogwheel":2,"minecraft:leather":5,"minecraft:fletching_table":1,"minecraft:saddle":1,"create:crimsite":4,"undead_unleashed:grave_metal_scrap":3,"minecraft:rail":2,"farmersdelight:rice":2,"minecraft:red_mushroom":9,"minecraft:flint":6,"minecraft:item_frame":1,"twigs:pebble":2,"minecraft:dirt":21,"pyrologernfriends:boomstick":1,"forbidden_arcanus:rune":1,"minecraft:snowball":512,"pyrologernfriends:iron_dagger":2,"minecraft:writable_book":1,"minecraft:iron_pickaxe":2,"ftbquests:book":1,"minecraft:white_wool":2,"twigs:twig":3,"minecraft:bone":1,"minecraft:gravel":20,"chalk:chalk_box":1,"minecraft:stone_axe":2,"minecraft:sugar_cane":2,"minecraft:iron_nugget":12,"minecraft:cooked_chicken":1,"spirit:broken_spawner":1,"minecraft:cobbled_deepslate":10,"sophisticatedstorage:basic_tier_upgrade":2,"minecraft:wheat":11,"minecraft:rotten_flesh":10,"minecraft:oak_planks":4,"minecraft:cooked_mutton":1,"minecraft:white_bed":1,"biomesoplenty:glowing_moss_block":3,"biomesoplenty:glowing_moss_carpet":51,"iter_rpg:abyssquartz_shard":1,"miners_delight:tentacles":4,"minecraft:gunpowder":3,"minecraft:charcoal":2,"minecraft:leather_boots":2,"create:limestone":14,"iter_rpg:spider_silk":1,"minecraft:beef":2,"enigmaticlegacy:enigmatic_amulet":2,"minecraft:written_book":2,"minecraft:purple_carpet":3,"minecraft:egg":3,"minecraft:iron_ingot":7,"minecraft:bread":4,"minecraft:wheat_seeds":33,"minecraft:clock":1,"minecraft:golden_helmet":2,"enigmaticlegacy:the_acknowledgment":2,"scguns:stone_chunk":9,"biomesoplenty:maple_sapling":4,"minecraft:feather":6,"minecraft:golden_axe":1,"minecraft:cobblestone":149,"thinair:respirator":2,"minecraft:copper_ingot":1,"minecraft:coal":1,"pyrologernfriends:dynamite":1,"minecraft:stick":12,"miners_delight:mushroom_stew_cup":6,"minecraft:diorite":3,"minecraft:torch":57,"chalk:light_gray_chalk":1,"forbidden_arcanus:spawner_scrap":1,"scguns:rivet":3,"minecraft:iron_axe":4,"minecraft:polished_basalt":2,"minecraft:mud":2,"biomesoplenty:glowshroom":14,"minecraft:chainmail_leggings":1,"minecraft:paper":5,"minecraft:string":9,"minecraft:bucket":2,"cold_sweat:thermometer":3,"twigs:opaline_seashell":2,"quark:oak_leaf_carpet":2,"create:raw_zinc":4,"minecraft:spruce_sapling":1,"iter_rpg:potsherd":1,"minecraft:smooth_basalt":2,"minecraft:sweet_berries":10,"create:shaft":1,"minecraft:raw_copper":10,"minecraft:tuff":1,"minecraft:light_gray_wool":1,"minecraft:light_gray_concrete":2,"miners_delight:baked_tentacles":2,"supplementaries:sconce":2,"minecraft:hay_block":1,"minecraft:shield":2,"biomesoplenty:glowworm_silk":4,"quark:gold_button":2,"minecraft:spruce_planks":7,"minecraft:iron_chestplate":1,"minecraft:diamond_pickaxe":1,"minecraft:andesite":2,"miners_delight:copper_cup":4,"minecraft:spider_eye":3,"create:cut_tuff":1,"minecraft:spruce_log":12,"minecraft:stone_pickaxe":5,"minecraft:wooden_pickaxe":1,"scguns:basic_bullet_pouch":1},"minecraft:picked_up":{"minecraft:iron_chestplate":6,"minecraft:wheat":1,"enigmaticlegacy:enigmatic_eye":5,"minecraft:string":106,"minecraft:raw_copper":52,"create:limestone":14,"minecraft:cooked_salmon":2,"spirit:broken_spawner":1,"upgrade_aquatic:river_sapling":2,"minecraft:oak_sign":1,"upgrade_aquatic:river_log":7,"minecraft:cobbled_deepslate":35,"minecraft:bucket":6,"twigs:pebble":19,"minecraft:spruce_planks":20,"minecraft:light_weighted_pressure_plate":1,"minecraft:written_book":1,"pyrologernfriends:iron_dagger":2,"minecraft:iron_pickaxe":8,"upgrade_aquatic:mulberry":1,"minecraft:iron_boots":2,"minecraft:furnace":17,"minecraft:golden_helmet":3,"minecraft:stick":21,"miners_delight:tentacles":4,"minecraft:torch":137,"minecraft:porkchop":4,"minecraft:golden_axe":2,"minecraft:diorite":3,"minecraft:stone_sword":1,"minecraft:rotten_flesh":9,"minecraft:polished_basalt":2,"pyrologernfriends:dynamite":1,"farmersdelight:rope":36,"twigs:tangerine_seashell":3,"minecraft:snowball":512,"minecraft:cobblestone":187,"forbidden_arcanus:stellarite_piece":3,"minecraft:cooked_beef":1,"minecraft:lilac":2,"minecraft:andesite":2,"miners_delight:mushroom_stew_cup":16,"minecraft:black_bed":1,"biomesoplenty:glowshroom":14,"enigmaticlegacy:the_acknowledgment":4,"minecraft:tuff":1,"create:raw_zinc":121,"minecraft:lapis_lazuli":125,"minecraft:dirt":57,"miners_delight:baked_tentacles":2,"minecraft:purple_carpet":3,"minecraft:leather_boots":3,"minecraft:bone":16,"minecraft:bow":6,"minecraft:wheat_seeds":6,"minecraft:raw_gold":20,"forbidden_arcanus:rune":6,"create:shaft":1,"twigs:twig":9,"minecraft:oak_planks":30,"immersiveengineering:raw_uranium":40,"create:cogwheel":2,"iter_rpg:spider_silk":2,"immersiveengineering:raw_aluminum":15,"minecraft:loom":3,"quark:gold_bars":2,"minecraft:light_gray_concrete":2,"create:crimsite":4,"scguns:basic_bullet_pouch":2,"minecraft:diamond":13,"iter_rpg:abyssquartz_shard":1,"minecraft:bone_meal":6,"miners_delight:copper_cup":12,"minecraft:emerald":9,"minecraft:bread":4,"twigs:rhyolite":2,"minecraft:diamond_pickaxe":5,"minecraft:mud":2,"minecraft:charcoal":2,"minecraft:crafting_table":11,"create_new_age:thorium":43,"minecraft:brown_mushroom":90,"minecraft:wooden_pickaxe":1,"minecraft:shield":8,"minecraft:iron_axe":2,"minecraft:item_frame":1,"cold_sweat:thermometer":5,"twigs:opaline_seashell":3,"scguns:rivet":5,"minecraft:beef":10,"minecraft:oak_boat":2,"minecraft:iron_nugget":2,"minecraft:sugar_cane":17,"minecraft:egg":1,"minecraft:raw_iron":103,"minecraft:copper_ingot":4,"minecraft:bowl":60,"sophisticatedbackpacks:backpack":5,"quark:gold_button":2,"minecraft:redstone":101,"quark:oak_leaf_carpet":2,"create:cut_tuff":1,"minecraft:arrow":50,"supplementaries:sconce":2,"minecraft:hay_block":3,"minecraft:saddle":1,"culturaldelights:squid":1,"minecraft:gold_ingot":2,"minecraft:glow_berries":12,"forbidden_arcanus:spawner_scrap":1,"minecraft:rail":4,"pyrologernfriends:boomstick":4,"minecraft:leather":10,"minecraft:red_mushroom":202,"minecraft:oak_log":194,"minecraft:gunpowder":3,"miners_delight:copper_pot":9,"minecraft:paper":5,"quark:forgotten_hat":5,"biomesoplenty:glowing_moss_carpet":53,"minecraft:cooked_mutton":1,"sophisticatedstorage:basic_tier_upgrade":3,"minecraft:apple":3,"biomesoplenty:glowworm_silk":4,"iter_rpg:potsherd":11,"minecraft:iron_ingot":16,"minecraft:stone_pickaxe":3,"minecraft:cooked_chicken":8,"quark:music_disc_chatter":1,"minecraft:iron_sword":7,"minecraft:book":87,"minecraft:smooth_basalt":2,"minecraft:sweet_berries":10,"minecraft:gravel":48,"enigmaticlegacy:enigmatic_amulet":1,"undead_unleashed:grave_metal_scrap":4,"minecraft:spruce_sapling":3,"minecraft:white_bed":2,"minecraft:spruce_log":27,"biomesoplenty:glowing_moss_block":3,"minecraft:spider_eye":6,"forbidden_arcanus:arcane_crystal":25,"biomesoplenty:maple_sapling":16,"minecraft:campfire":1,"minecraft:stone_axe":3,"minecraft:chainmail_leggings":6,"minecraft:iron_helmet":6,"thinair:respirator":6,"minecraft:coal":178},"minecraft:broken":{"minecraft:iron_shovel":1,"minecraft:wooden_pickaxe":1,"minecraft:golden_axe":1}},"DataVersion":3120}