{"stats":{"minecraft:killed_by":{"undead_unleashed:shadewraith":1,"enemyexpansion:huntsman":1,"minecraft:vindicator":1,"scguns:trauma_unit":1,"enemyexpansion:invisicreeper":2,"minecraft:skeleton":1},"minecraft:used":{"minecraft:iron_shovel":8,"minecraft:iron_sword":92,"minecraft:iron_chestplate":1,"minecraft:bow":4,"minecraft:furnace":8,"miners_delight:copper_pot":7,"minecraft:stone_pickaxe":238,"minecraft:oak_planks":7,"minecraft:wooden_pickaxe":13,"minecraft:glow_berries":3,"minecraft:bread":7,"minecraft:stone_sword":2,"woodworks:oak_chest":3,"minecraft:spruce_planks":30,"minecraft:wooden_shovel":11,"minecraft:cooked_salmon":2,"minecraft:cooked_chicken":1,"endrem:lost_eye":1,"minecraft:torch":127,"minecraft:dirt":11,"miners_delight:copper_cup":1,"enigmaticlegacy:common_potion":1,"minecraft:iron_axe":41,"pyrologernfriends:iron_dagger":1,"twigs:tangerine_seashell":1,"minecraft:cobbled_deepslate":6,"minecraft:golden_axe":18,"minecraft:leather_boots":1,"minecraft:crafting_table":9,"minecraft:campfire":2,"minecraft:white_bed":2,"minecraft:spruce_log":1,"minecraft:diamond_pickaxe":26,"minecraft:iron_pickaxe":154,"miners_delight:mushroom_stew_cup":14,"minecraft:stone_axe":88,"minecraft:cobblestone":16,"sophisticatedstorage:iron_chest":1,"minecraft:bucket":4,"minecraft:chainmail_leggings":1},"minecraft:custom":{"enigmaticlegacy:play_time_with_seven_curses":0,"lootr:looted_stat":4,"minecraft:interact_with_crafting_table":108,"minecraft:open_barrel":1,"goblintraders:trade_with_goblin":24,"minecraft:leave_game":4,"minecraft:time_since_death":59368,"minecraft:sprint_one_cm":562687,"minecraft:drop":147,"minecraft:play_time":222153,"minecraft:deaths":10,"minecraft:jump":3217,"minecraft:walk_on_water_one_cm":4398,"minecraft:interact_with_furnace":83,"minecraft:damage_dealt":3094,"minecraft:crouch_one_cm":32197,"minecraft:interact_with_smoker":4,"minecraft:mob_kills":15,"minecraft:climb_one_cm":1629,"minecraft:walk_one_cm":310841,"minecraft:sneak_time":11781,"minecraft:walk_under_water_one_cm":1309,"minecraft:total_world_time":222153,"enigmaticlegacy:play_time_without_seven_curses":221863,"minecraft:time_since_rest":59398,"minecraft:damage_taken":3477,"minecraft:swim_one_cm":14638,"minecraft:fly_one_cm":731679,"minecraft:open_chest":106,"minecraft:fall_one_cm":76080},"minecraft:crafted":{"minecraft:oak_planks":84,"minecraft:cooked_chicken":1,"immersiveengineering:manual":1,"minecraft:lever":1,"shieldexp:iron_shield":1,"minecraft:cooked_mutton":1,"miners_delight:mushroom_stew_cup":5,"minecraft:iron_boots":2,"minecraft:wooden_shovel":3,"sophisticatedbackpacks:backpack":1,"minecraft:crafting_table":6,"minecraft:spruce_planks":92,"minecraft:wooden_pickaxe":1,"minecraft:iron_helmet":1,"minecraft:copper_ingot":54,"minecraft:campfire":1,"minecraft:book":1,"minecraft:iron_chestplate":1,"minecraft:paper":3,"minecraft:diamond_pickaxe":1,"minecraft:stick":84,"minecraft:iron_ingot":53,"minecraft:iron_pickaxe":1,"miners_delight:copper_cup":15,"minecraft:stone_sword":1,"minecraft:gold_ingot":6,"minecraft:furnace":6,"minecraft:bone_meal":6,"minecraft:iron_axe":1,"minecraft:stone_pickaxe":3,"minecraft:iron_sword":1,"minecraft:bowl":8,"minecraft:bucket":3,"miners_delight:copper_pot":2,"minecraft:stone_axe":1,"minecraft:air":0,"woodworks:oak_chest":4,"cold_sweat:thermometer":1,"minecraft:white_wool":3,"minecraft:iron_shovel":1,"minecraft:white_bed":1,"minecraft:torch":140,"create:zinc_ingot":8},"minecraft:mined":{"create:deepslate_zinc_ore":26,"minecraft:white_bed":2,"minecraft:grass_block":8,"minecraft:spawner":1,"immersiveengineering:deepslate_ore_uranium":8,"minecraft:iron_ore":33,"minecraft:cobbled_deepslate":2,"minecraft:fletching_table":1,"minecraft:deepslate_lapis_ore":7,"minecraft:deepslate_redstone_ore":9,"minecraft:brown_mushroom":1,"minecraft:torch":2,"minecraft:mushroom_stem":9,"minecraft:cobblestone":1,"minecraft:sugar_cane":2,"minecraft:wall_torch":2,"minecraft:mud":1,"biomesoplenty:glowworm_silk_strand":1,"minecraft:lilac":1,"biomesoplenty:maple_leaves":6,"minecraft:grass":3,"minecraft:oak_log":63,"minecraft:sand":1,"minecraft:dirt":18,"minecraft:red_mushroom_block":17,"create:crimsite":1,"minecraft:deepslate":28,"create:zinc_ore":1,"biomesoplenty:glowing_moss_block":1,"forbidden_arcanus:stella_arcanum":1,"upgrade_aquatic:river_log":8,"minecraft:deepslate_diamond_ore":5,"create_new_age:thorium_ore":12,"minecraft:brown_mushroom_block":7,"minecraft:spruce_leaves":4,"iter_rpg:big_vase":1,"minecraft:hay_block":3,"forbidden_arcanus:deepslate_arcane_crystal_ore":6,"minecraft:furnace":10,"iter_rpg:small_vase":1,"minecraft:andesite":1,"minecraft:deepslate_iron_ore":22,"minecraft:stone":171,"immersiveengineering:ore_aluminum":5,"twigs:opaline_seashell":1,"minecraft:podzol":1,"twigs:pebble":1,"minecraft:crafting_table":5,"minecraft:campfire":1,"minecraft:copper_ore":9,"biomesoplenty:sprout":3,"minecraft:deepslate_gold_ore":3,"minecraft:diorite":2,"iter_rpg:abyss_quartz":1,"twigs:tangerine_seashell":3,"minecraft:spruce_log":29,"minecraft:coal_ore":56,"iter_rpg:spider_egg":1,"minecraft:cobweb":30,"forbidden_arcanus:runic_deepslate":1,"miners_delight:copper_pot":6,"minecraft:fern":6,"environmental:dwarf_spruce":1},"minecraft:killed":{"scguns:broken_mining_unit":3,"minecraft:spider":1,"quark:forgotten":1,"minecraft:skeleton":2,"irons_spellbooks:summoned_skeleton":1,"minecraft:pig":1,"iter_rpg:spiderling":3,"irons_spellbooks:necromancer":1,"scguns:railway_bandit":1,"minecraft:zombie":1,"scguns:wool_man":1,"irons_spellbooks:summoned_zombie":1},"minecraft:dropped":{"minecraft:brown_mushroom":5,"minecraft:oak_log":2,"minecraft:glass_bottle":1,"minecraft:cooked_porkchop":1,"minecraft:glow_berries":2,"minecraft:lantern":2,"create:cogwheel":2,"minecraft:fletching_table":1,"create:crimsite":4,"undead_unleashed:grave_metal_scrap":1,"minecraft:rail":2,"farmersdelight:rice":2,"minecraft:red_mushroom":9,"minecraft:flint":6,"pyrologernfriends:boomstick":1,"minecraft:dirt":11,"forbidden_arcanus:rune":1,"pyrologernfriends:iron_dagger":2,"minecraft:iron_pickaxe":2,"minecraft:white_wool":2,"twigs:twig":3,"minecraft:bone":1,"minecraft:gravel":20,"chalk:chalk_box":1,"minecraft:stone_axe":2,"minecraft:iron_nugget":8,"minecraft:cooked_chicken":1,"spirit:broken_spawner":1,"minecraft:cobbled_deepslate":10,"minecraft:wheat":10,"minecraft:rotten_flesh":8,"minecraft:oak_planks":4,"biomesoplenty:glowing_moss_block":3,"biomesoplenty:glowing_moss_carpet":51,"iter_rpg:abyssquartz_shard":1,"minecraft:gunpowder":3,"minecraft:charcoal":2,"minecraft:leather_boots":1,"create:limestone":14,"iter_rpg:spider_silk":1,"enigmaticlegacy:enigmatic_amulet":1,"minecraft:egg":2,"minecraft:iron_ingot":7,"minecraft:wheat_seeds":29,"minecraft:golden_helmet":2,"enigmaticlegacy:the_acknowledgment":2,"scguns:stone_chunk":9,"biomesoplenty:maple_sapling":3,"minecraft:golden_axe":1,"minecraft:feather":6,"minecraft:cobblestone":148,"thinair:respirator":2,"minecraft:copper_ingot":1,"pyrologernfriends:dynamite":1,"minecraft:coal":1,"minecraft:stick":12,"miners_delight:mushroom_stew_cup":6,"minecraft:diorite":3,"minecraft:torch":38,"chalk:light_gray_chalk":1,"forbidden_arcanus:spawner_scrap":1,"scguns:rivet":3,"minecraft:iron_axe":3,"minecraft:mud":2,"biomesoplenty:glowshroom":14,"minecraft:chainmail_leggings":1,"minecraft:string":9,"cold_sweat:thermometer":3,"create:raw_zinc":4,"minecraft:spruce_sapling":1,"iter_rpg:potsherd":1,"create:shaft":1,"minecraft:raw_copper":10,"minecraft:tuff":1,"minecraft:light_gray_wool":1,"miners_delight:baked_tentacles":2,"minecraft:hay_block":1,"minecraft:shield":2,"biomesoplenty:glowworm_silk":4,"minecraft:diamond_pickaxe":1,"minecraft:andesite":2,"miners_delight:copper_cup":3,"minecraft:spider_eye":2,"minecraft:spruce_log":12,"minecraft:stone_pickaxe":5,"minecraft:wooden_pickaxe":1},"minecraft:picked_up":{"minecraft:iron_chestplate":6,"minecraft:wheat":1,"enigmaticlegacy:enigmatic_eye":5,"minecraft:string":105,"spirit:broken_spawner":1,"create:limestone":14,"minecraft:raw_copper":52,"minecraft:cooked_salmon":2,"upgrade_aquatic:river_sapling":2,"upgrade_aquatic:river_log":7,"minecraft:cobbled_deepslate":35,"minecraft:bucket":5,"twigs:pebble":17,"minecraft:spruce_planks":8,"pyrologernfriends:iron_dagger":2,"minecraft:iron_pickaxe":8,"upgrade_aquatic:mulberry":1,"minecraft:furnace":13,"minecraft:iron_boots":2,"minecraft:golden_helmet":3,"minecraft:stick":21,"minecraft:torch":112,"minecraft:porkchop":2,"minecraft:golden_axe":2,"minecraft:diorite":3,"minecraft:rotten_flesh":7,"pyrologernfriends:dynamite":1,"farmersdelight:rope":36,"twigs:tangerine_seashell":3,"minecraft:cobblestone":184,"forbidden_arcanus:stellarite_piece":3,"minecraft:lilac":2,"minecraft:andesite":2,"miners_delight:mushroom_stew_cup":16,"enigmaticlegacy:the_acknowledgment":3,"biomesoplenty:glowshroom":14,"minecraft:tuff":1,"create:raw_zinc":121,"minecraft:lapis_lazuli":125,"minecraft:dirt":27,"miners_delight:baked_tentacles":2,"minecraft:leather_boots":3,"minecraft:bone":15,"minecraft:bow":6,"minecraft:wheat_seeds":2,"minecraft:raw_gold":19,"forbidden_arcanus:rune":6,"create:shaft":1,"twigs:twig":5,"minecraft:oak_planks":22,"immersiveengineering:raw_uranium":40,"create:cogwheel":2,"iter_rpg:spider_silk":2,"immersiveengineering:raw_aluminum":15,"create:crimsite":4,"scguns:basic_bullet_pouch":1,"minecraft:diamond":13,"iter_rpg:abyssquartz_shard":1,"minecraft:emerald":6,"miners_delight:copper_cup":11,"minecraft:bread":4,"twigs:rhyolite":2,"minecraft:diamond_pickaxe":5,"minecraft:mud":2,"minecraft:charcoal":2,"minecraft:crafting_table":9,"create_new_age:thorium":43,"minecraft:brown_mushroom":88,"minecraft:wooden_pickaxe":1,"minecraft:shield":7,"minecraft:iron_axe":1,"cold_sweat:thermometer":4,"twigs:opaline_seashell":1,"scguns:rivet":5,"minecraft:sugar_cane":9,"minecraft:raw_iron":103,"minecraft:copper_ingot":4,"minecraft:bowl":60,"sophisticatedbackpacks:backpack":5,"minecraft:redstone":101,"minecraft:arrow":50,"minecraft:hay_block":3,"minecraft:gold_ingot":2,"forbidden_arcanus:spawner_scrap":1,"minecraft:glow_berries":12,"minecraft:rail":4,"pyrologernfriends:boomstick":4,"minecraft:red_mushroom":202,"minecraft:oak_log":151,"minecraft:gunpowder":3,"miners_delight:copper_pot":9,"biomesoplenty:glowing_moss_carpet":53,"quark:forgotten_hat":5,"sophisticatedstorage:basic_tier_upgrade":1,"minecraft:apple":2,"biomesoplenty:glowworm_silk":4,"iter_rpg:potsherd":11,"minecraft:iron_ingot":16,"minecraft:stone_pickaxe":2,"quark:music_disc_chatter":1,"minecraft:iron_sword":5,"minecraft:sweet_berries":10,"minecraft:gravel":48,"undead_unleashed:grave_metal_scrap":2,"minecraft:spruce_sapling":3,"minecraft:white_bed":2,"minecraft:spruce_log":27,"biomesoplenty:glowing_moss_block":3,"minecraft:spider_eye":5,"forbidden_arcanus:arcane_crystal":25,"biomesoplenty:maple_sapling":5,"minecraft:campfire":1,"minecraft:stone_axe":2,"minecraft:chainmail_leggings":6,"minecraft:iron_helmet":6,"thinair:respirator":6,"minecraft:coal":120},"minecraft:broken":{"minecraft:wooden_pickaxe":1,"minecraft:golden_axe":1}},"DataVersion":3120}