{"stats":{"minecraft:dropped":{"farmersdelight:fried_egg":1,"minecraft:dried_kelp":2},"minecraft:killed_by":{"mutationcraft:assimilated_human":2,"minecraft:player":1,"minecraft:zombie":1,"zombie_extreme:runner":1,"zombiemobs:zombie_dolphin":1,"minecraft:drowned":1},"minecraft:mined":{"minecraft:crafting_table":3,"minecraft:torch":2,"minecraft:grass_block":4,"minecraft:copper_ore":17,"minecraft:spruce_leaves":1,"minecraft:iron_ore":7,"minecraft:sweet_berry_bush":7,"minecraft:spruce_log":7,"minecraft:andesite":2,"minecraft:coal_ore":44,"minecraft:dirt":10,"minecraft:stone":43,"minecraft:oak_leaves":2},"minecraft:used":{"minecraft:stone_sword":40,"minecraft:glass_bottle":3,"minecraft:stone_pickaxe":115,"minecraft:wooden_pickaxe":12,"minecraft:iron_sword":1,"minecraft:torch":8,"minecraft:dirt":4,"minecraft:crafting_table":2,"minecraft:bread":1,"minecraft:stone_axe":14,"chalk:red_chalk":12,"minecraft:cobblestone":26,"minecraft:potion":7,"minecraft:sweet_berries":1,"chalk:blue_chalk":2,"minecraft:andesite":2},"minecraft:crafted":{"minecraft:air":36,"farmersdelight:fried_egg":1,"minecraft:potion":5},"minecraft:killed":{"minecraft:husk":1,"minecraft:pig":5,"minecraft:zombie_villager":1,"minecraft:sheep":2,"alexsmobs:cockroach":1,"minecraft:zombie":7,"minecraft:chicken":4,"alexsmobs:fly":1,"minecraft:cow":1},"minecraft:custom":{"minecraft:interact_with_furnace":9,"minecraft:mob_kills":23,"minecraft:interact_with_crafting_table":14,"minecraft:damage_dealt_resisted":4,"minecraft:leave_game":5,"minecraft:time_since_death":1067,"minecraft:time_since_rest":1092,"minecraft:sprint_one_cm":85321,"minecraft:damage_taken":1892,"minecraft:walk_one_cm":129255,"minecraft:drop":3,"minecraft:damage_dealt":2017,"minecraft:swim_one_cm":16126,"minecraft:fly_one_cm":68601,"minecraft:player_kills":1,"minecraft:open_chest":18,"minecraft:crouch_one_cm":20952,"minecraft:play_time":53749,"minecraft:deaths":7,"minecraft:sneak_time":6700,"minecraft:walk_under_water_one_cm":6023,"minecraft:jump":400,"minecraft:walk_on_water_one_cm":3542,"minecraft:total_world_time":53749,"minecraft:fall_one_cm":4240},"minecraft:picked_up":{"minecraft:crafting_table":3,"minecraft:feather":4,"minecraft:chicken":3,"minecraft:andesite":2,"minecraft:leather":3,"minecraft:oak_log":5,"minecraft:string":4,"minecraft:dirt":13,"minecraft:raw_copper":43,"minecraft:bone":12,"minecraft:beef":5,"tac:9mm_round":3,"minecraft:iron_sword":1,"minecraft:stick":9,"minecraft:raw_iron":7,"minecraft:sweet_berries":23,"minecraft:torch":2,"minecraft:porkchop":13,"minecraft:spruce_sapling":4,"minecraft:spruce_log":47,"minecraft:rotten_flesh":9,"minecraft:oak_sapling":3,"minecraft:mutton":4,"minecraft:coal":47,"minecraft:white_wool":2,"minecraft:cobblestone":42}},"DataVersion":2975}