{"stats":{"minecraft:killed_by":{"zombie_extreme:runner":1},"minecraft:mined":{"minecraft:iron_ore":7,"minecraft:sweet_berry_bush":7,"minecraft:spruce_log":7,"minecraft:andesite":2,"minecraft:crafting_table":3,"minecraft:torch":2,"minecraft:grass_block":4,"minecraft:coal_ore":44,"minecraft:dirt":10,"minecraft:copper_ore":17,"minecraft:spruce_leaves":1,"minecraft:stone":43,"minecraft:oak_leaves":2},"minecraft:used":{"minecraft:stone_sword":40,"minecraft:glass_bottle":3,"minecraft:stone_pickaxe":115,"minecraft:bread":1,"minecraft:wooden_pickaxe":12,"minecraft:stone_axe":14,"minecraft:torch":8,"chalk:red_chalk":12,"minecraft:dirt":4,"minecraft:cobblestone":26,"minecraft:potion":7,"minecraft:sweet_berries":1,"minecraft:crafting_table":2,"chalk:blue_chalk":2,"minecraft:andesite":2},"minecraft:crafted":{"minecraft:potion":5,"minecraft:air":36},"minecraft:killed":{"minecraft:sheep":2,"minecraft:husk":1,"minecraft:pig":5,"minecraft:zombie":7,"alexsmobs:cockroach":1,"minecraft:zombie_villager":1,"minecraft:chicken":4,"alexsmobs:fly":1,"minecraft:cow":1},"minecraft:picked_up":{"minecraft:raw_iron":7,"minecraft:stick":9,"minecraft:crafting_table":3,"minecraft:feather":4,"minecraft:chicken":3,"minecraft:sweet_berries":23,"minecraft:andesite":2,"minecraft:leather":3,"minecraft:torch":2,"minecraft:porkchop":13,"minecraft:oak_log":5,"minecraft:spruce_sapling":4,"minecraft:spruce_log":47,"minecraft:string":4,"minecraft:dirt":13,"minecraft:raw_copper":43,"minecraft:bone":10,"minecraft:rotten_flesh":9,"minecraft:beef":5,"tac:9mm_round":2,"minecraft:oak_sapling":3,"minecraft:mutton":4,"minecraft:coal":47,"minecraft:white_wool":2,"minecraft:cobblestone":42},"minecraft:custom":{"minecraft:time_since_rest":9645,"minecraft:interact_with_furnace":4,"minecraft:sprint_one_cm":72845,"minecraft:damage_taken":457,"minecraft:walk_one_cm":108260,"minecraft:mob_kills":23,"minecraft:damage_dealt":1724,"minecraft:swim_one_cm":2847,"minecraft:interact_with_crafting_table":11,"minecraft:fly_one_cm":50636,"minecraft:open_chest":9,"minecraft:crouch_one_cm":11267,"minecraft:play_time":34785,"minecraft:deaths":1,"minecraft:sneak_time":4292,"minecraft:walk_under_water_one_cm":1069,"minecraft:jump":354,"minecraft:leave_game":2,"minecraft:time_since_death":9509,"minecraft:walk_on_water_one_cm":860,"minecraft:total_world_time":34785,"minecraft:fall_one_cm":3195}},"DataVersion":2975}