{"stats":{"minecraft:killed":{"minecraft:sheep":2,"alexsmobs:cockroach":1,"minecraft:pig":5,"minecraft:chicken":4,"minecraft:cow":1},"minecraft:custom":{"minecraft:time_since_rest":19144,"minecraft:sprint_one_cm":46507,"minecraft:damage_taken":201,"minecraft:walk_one_cm":64158,"minecraft:mob_kills":13,"minecraft:damage_dealt":910,"minecraft:interact_with_crafting_table":5,"minecraft:fly_one_cm":33376,"minecraft:crouch_one_cm":5945,"minecraft:play_time":19144,"minecraft:sneak_time":2351,"minecraft:walk_under_water_one_cm":327,"minecraft:jump":194,"minecraft:leave_game":1,"minecraft:time_since_death":19144,"minecraft:walk_on_water_one_cm":262,"minecraft:total_world_time":19144,"minecraft:fall_one_cm":2986},"minecraft:mined":{"minecraft:iron_ore":7,"minecraft:sweet_berry_bush":7,"minecraft:spruce_log":7,"minecraft:crafting_table":3,"minecraft:grass_block":3,"minecraft:coal_ore":38,"minecraft:dirt":6,"minecraft:copper_ore":7,"minecraft:spruce_leaves":1,"minecraft:stone":31},"minecraft:used":{"minecraft:stone_sword":22,"minecraft:stone_pickaxe":83,"minecraft:wooden_pickaxe":12,"minecraft:stone_axe":11,"minecraft:torch":8,"minecraft:dirt":4,"minecraft:cobblestone":7,"minecraft:potion":4,"minecraft:sweet_berries":1,"minecraft:crafting_table":2},"minecraft:crafted":{"minecraft:air":36},"minecraft:picked_up":{"minecraft:raw_iron":7,"minecraft:stick":5,"minecraft:crafting_table":3,"minecraft:feather":4,"minecraft:chicken":3,"minecraft:sweet_berries":23,"minecraft:leather":3,"minecraft:porkchop":13,"minecraft:spruce_sapling":4,"minecraft:spruce_log":47,"minecraft:dirt":8,"minecraft:raw_copper":6,"minecraft:beef":5,"minecraft:coal":38,"minecraft:mutton":4,"minecraft:white_wool":2,"minecraft:cobblestone":31}},"DataVersion":2975}