{"stats":{"minecraft:killed":{"minecraft:zombie":4,"zombie_extreme:runner":1},"minecraft:custom":{"minecraft:time_since_rest":5405,"lootr:looted_stat":1,"minecraft:sprint_one_cm":42568,"minecraft:damage_taken":817,"minecraft:walk_one_cm":56188,"minecraft:mob_kills":5,"minecraft:drop":2,"minecraft:damage_dealt":3758,"minecraft:fly_one_cm":57012,"minecraft:interact_with_crafting_table":2,"minecraft:freezer_opened":4,"minecraft:stove_opened":1,"minecraft:crouch_one_cm":15686,"minecraft:play_time":17401,"minecraft:deaths":3,"minecraft:sneak_time":4789,"minecraft:jump":254,"minecraft:time_since_death":5373,"minecraft:walk_on_water_one_cm":230,"minecraft:total_world_time":17401,"minecraft:climb_one_cm":1721,"minecraft:fall_one_cm":4135},"minecraft:dropped":{"minecraft:wooden_sword":2},"minecraft:mined":{"farmersdelight:cooking_pot":1,"farmersdelight:honey_glazed_ham_block":1,"cfm:oak_hedge":1,"quark:spruce_ladder":7,"biomesoplenty:fir_log":5,"minecraft:gray_stained_glass_pane":2,"minecraft:crafting_table":1,"minecraft:torch":1,"biomesoplenty:fir_planks":1,"biomesoplenty:fir_leaves":23,"immersiveengineering:metal_ladder_none":4,"pfm:white_stove":1},"minecraft:used":{"pfm:white_stove":1,"minecraft:wooden_pickaxe":5,"biomesoplenty:fir_planks":8,"minecraft:torch":3,"minecraft:wooden_sword":103,"minecraft:potion":2,"minecraft:crafting_table":2,"apocalypsenow:knife":1},"minecraft:broken":{"minecraft:wooden_sword":1},"minecraft:crafted":{"minecraft:air":28},"minecraft:picked_up":{"minecraft:stick":2,"minecraft:crafting_table":1,"pfm:white_stove":1,"minecraft:torch":1,"quark:spruce_ladder":3,"biomesoplenty:fir_sapling":6,"biomesoplenty:fir_log":5,"cfm:oak_hedge":1,"minecraft:rotten_flesh":2,"farmersdelight:cooking_pot":1,"alexsmobs:cockroach_wing_fragment":1},"minecraft:killed_by":{"minecraft:husk":2,"minecraft:zombie":1}},"DataVersion":2975}