{"stats":{"minecraft:killed":{"minecraft:sheep":2,"minecraft:husk":1,"minecraft:zombie":7,"minecraft:pig":5,"alexsmobs:cockroach":1,"minecraft:zombie_villager":1,"minecraft:chicken":4,"alexsmobs:fly":1,"minecraft:cow":1},"minecraft:custom":{"minecraft:time_since_rest":24780,"minecraft:sprint_one_cm":55722,"minecraft:damage_taken":246,"minecraft:walk_one_cm":80239,"minecraft:mob_kills":23,"minecraft:damage_dealt":1661,"minecraft:interact_with_crafting_table":5,"minecraft:fly_one_cm":37944,"minecraft:crouch_one_cm":8321,"minecraft:play_time":24780,"minecraft:sneak_time":3519,"minecraft:walk_under_water_one_cm":327,"minecraft:jump":292,"minecraft:leave_game":2,"minecraft:walk_on_water_one_cm":262,"minecraft:time_since_death":24780,"minecraft:total_world_time":24780,"minecraft:fall_one_cm":2986},"minecraft:mined":{"minecraft:iron_ore":7,"minecraft:sweet_berry_bush":7,"minecraft:spruce_log":7,"minecraft:andesite":2,"minecraft:crafting_table":3,"minecraft:torch":1,"minecraft:grass_block":4,"minecraft:coal_ore":44,"minecraft:dirt":10,"minecraft:copper_ore":17,"minecraft:spruce_leaves":1,"minecraft:stone":43},"minecraft:used":{"minecraft:stone_sword":40,"minecraft:bread":1,"minecraft:stone_pickaxe":115,"minecraft:wooden_pickaxe":12,"minecraft:stone_axe":14,"minecraft:torch":8,"minecraft:dirt":4,"minecraft:cobblestone":26,"minecraft:potion":4,"minecraft:sweet_berries":1,"minecraft:crafting_table":2,"minecraft:andesite":2},"minecraft:crafted":{"minecraft:air":36},"minecraft:picked_up":{"minecraft:raw_iron":7,"minecraft:stick":9,"minecraft:crafting_table":3,"minecraft:feather":4,"minecraft:chicken":3,"minecraft:sweet_berries":23,"minecraft:andesite":2,"minecraft:leather":3,"minecraft:torch":1,"minecraft:porkchop":13,"minecraft:oak_log":5,"minecraft:spruce_sapling":4,"minecraft:spruce_log":47,"minecraft:string":4,"minecraft:dirt":13,"minecraft:raw_copper":43,"minecraft:bone":8,"minecraft:rotten_flesh":9,"minecraft:beef":5,"tac:9mm_round":2,"minecraft:oak_sapling":3,"minecraft:mutton":4,"minecraft:coal":47,"minecraft:white_wool":2,"minecraft:cobblestone":42}},"DataVersion":2975}