{"stats":{"minecraft:killed":{"zombie_extreme:runner":2,"minecraft:husk":1,"undead_revamp2:theordure":1,"minecraft:zombie":9},"minecraft:custom":{"lootr:looted_stat":26,"minecraft:mob_kills":12,"minecraft:interact_with_anvil":1,"minecraft:interact_with_crafting_table":9,"minecraft:time_since_death":23009,"minecraft:climb_one_cm":21223,"minecraft:sprint_one_cm":202097,"minecraft:walk_one_cm":332840,"minecraft:damage_blocked_by_shield":270,"minecraft:fridge_opened":1,"minecraft:drop":42,"minecraft:chair_used":1,"minecraft:talked_to_villager":1,"minecraft:play_time":89401,"minecraft:deaths":13,"minecraft:sneak_time":17090,"minecraft:jump":932,"minecraft:interact_with_blast_furnace":2,"minecraft:drawer_searched":5,"minecraft:walk_on_water_one_cm":426,"minecraft:total_world_time":89401,"minecraft:interact_with_furnace":1,"minecraft:toilet_used":3,"minecraft:stove_opened":4,"minecraft:sleep_in_bed":1,"minecraft:time_since_rest":4265,"minecraft:damage_taken":3265,"minecraft:damage_dealt":7273,"minecraft:fly_one_cm":198066,"minecraft:freezer_opened":12,"minecraft:player_kills":2,"minecraft:crouch_one_cm":54008,"minecraft:fall_one_cm":16911},"minecraft:dropped":{"apocalypsenow:human_flesh":3,"biomesoplenty:dead_planks":11,"minecraft:dark_oak_stairs":1,"farmersdelight:skillet":4,"artifacts:cloud_in_a_bottle":1,"apocalypsenow:knife":1,"refinedstorage:cable":3,"biomesoplenty:fir_sapling":9,"minecraft:dirt":1,"minecraft:torch":14,"farmersdelight:cooking_pot":1,"minecraft:mutton":4,"minecraft:wooden_sword":3,"minecraft:smooth_stone":4,"create:polished_cut_calcite_wall":2,"embellishcraft:smooth_marble":3,"farmersdelight:kelp_roll_slice":3,"farmersdelight:cabbage":4,"minecraft:rotten_flesh":2,"farmersdelight:beef_stew":2,"biomesoplenty:dead_sapling":3,"minecraft:potato":9,"minecraft:shield":1,"create:framed_glass_trapdoor":9,"apocalypsenow:rolling_pin":1,"apocalypsenow:balaclava_helmet":1,"farmersdelight:stove":1,"create:depot":1,"minecraft:wooden_pickaxe":1,"immersiveengineering:seed":1,"farmersdelight:tomato":13,"farmersdelight:stuffed_pumpkin_block":1,"minecraft:egg":8},"minecraft:mined":{"minecraft:dark_oak_planks":2,"farmersdelight:honey_glazed_ham_block":1,"pfm:stripped_spruce_kitchen_drawer":1,"minecraft:potted_cactus":1,"minecraft:gray_stained_glass_pane":2,"minecraft:grass_block":2,"create:polished_cut_calcite_wall":2,"create:depot":1,"embellishcraft:smooth_basalt_slab":5,"pfm:oak_brown_simple_bed":1,"pfm:white_stove":1,"minecraft:spawner":8,"minecraft:smooth_stone":3,"immersiveengineering:capacitor_mv":2,"minecraft:anvil":1,"minecraft:dark_oak_stairs":3,"immersiveengineering:light_engineering":2,"biomesoplenty:dead_sapling":2,"minecraft:stone":22,"create:dark_oak_window_pane":7,"zombie_extreme:vending_machine":1,"farmersdelight:cooking_pot":3,"minecraft:quartz_block":13,"cfm:oak_hedge":4,"minecraft:crafting_table":4,"minecraft:torch":2,"minecraft:blast_furnace":8,"biomesoplenty:fir_planks":2,"quark:framed_glass_pane":1,"embellishcraft:polished_marble":10,"minecraft:wall_torch":1,"embellishcraft:steel_rungs":4,"farmersdelight:shepherds_pie_block":1,"quark:spruce_ladder":11,"biomesoplenty:fir_log":11,"embellishcraft:smooth_marble":7,"minecraft:grass":4,"biomesoplenty:dead_log":12,"minecraft:oak_log":4,"biomesoplenty:fir_leaves":34,"create:framed_glass_trapdoor":7,"minecraft:dirt":1,"farmersdelight:stove":1,"minecraft:cobweb":1,"immersiveengineering:metal_ladder_none":4,"embellishcraft:smooth_marble_stairs":1,"minecraft:oak_leaves":39},"minecraft:used":{"minecraft:stone_sword":1,"apocalypsenow:ballpeen_hammer":1,"minecraft:shield":6,"minecraft:iron_sword":20,"cfm:stripped_spruce_table":1,"minecraft:torch":13,"minecraft:dirt":2,"apocalypsenow:apple_juice":1,"apocalypsenow:knife":57,"embellishcraft:smooth_marble":2,"apocalypsenow:coffee":2,"farmersdelight:cooking_pot":1,"farmersdelight:shepherds_pie_block":1,"embellishcraft:smooth_basalt_slab":1,"pfm:stripped_spruce_kitchen_drawer":1,"farmersdelight:skillet":22,"minecraft:stone_pickaxe":38,"pfm:white_stove":1,"minecraft:wooden_pickaxe":43,"biomesoplenty:fir_planks":20,"biomesoplenty:fir_slab":2,"minecraft:crafting_table":7,"embellishcraft:smooth_marble_stairs":2,"minecraft:iron_pickaxe":36,"minecraft:stone_axe":22,"minecraft:wooden_sword":118,"minecraft:potion":3,"quark:spruce_ladder":1},"minecraft:broken":{"minecraft:leather_chestplate":1,"minecraft:wooden_sword":1},"minecraft:crafted":{"apocalypsenow:butterfly_knife":1,"minecraft:air":106,"biomesoplenty:fir_planks":8,"minecraft:stick":4},"minecraft:picked_up":{"minecraft:crafting_table":4,"minecraft:flower_pot":1,"minecraft:anvil":1,"quark:spruce_ladder":5,"embellishcraft:steel_rungs":2,"minecraft:shield":2,"farmersdelight:cutting_board":1,"minecraft:string":5,"create:sweet_roll":5,"biomesoplenty:dead_sapling":3,"minecraft:smooth_stone":4,"immersiveengineering:capacitor_mv":2,"cfm:stripped_spruce_table":1,"minecraft:stick":14,"embellishcraft:smooth_marble":5,"pfm:white_stove":1,"minecraft:torch":17,"minecraft:quartz_block":2,"minecraft:cactus":1,"minecraft:rotten_flesh":13,"pfm:oak_brown_simple_bed":1,"create:depot":1,"farmersdelight:melon_juice":3,"immersiveengineering:light_engineering":2,"minecraft:cobblestone":22,"apocalypsenow:canned_melon":2,"biomesoplenty:fir_sapling":9,"create:framed_glass_trapdoor":9,"biomesoplenty:dead_log":76,"apocalypsenow:orange_juice":1,"biomesoplenty:fir_log":20,"embellishcraft:polished_marble":7,"minecraft:oak_log":4,"farmersdelight:skillet":2,"minecraft:dirt":3,"farmersdelight:shepherds_pie_block":1,"minecraft:bone":8,"farmersdelight:cooking_pot":3,"apocalypsenow:human_flesh":3,"alexsmobs:cockroach_wing_fragment":1,"pfm:stripped_spruce_kitchen_drawer":1,"create:polished_cut_calcite_wall":2,"minecraft:dark_oak_stairs":1,"minecraft:book":3,"embellishcraft:smooth_basalt_slab":1,"embellishcraft:smooth_marble_stairs":2,"apocalypsenow:canned_fish":3,"cfm:oak_hedge":3,"minecraft:blast_furnace":8,"immersiveengineering:seed":1,"xpbook:xp_tome":1,"quark:framed_glass_pane":1,"quark:gray_shard":3,"minecraft:oak_sapling":5,"farmersdelight:stove":1,"rocks:cobblestone_splitter":1},"minecraft:killed_by":{"minecraft:husk":3,"zombie_extreme:runner":1,"zombiemobs:zombie_horsee":1,"minecraft:zombie":4}},"DataVersion":2975}