{"stats":{"minecraft:killed":{"minecraft:husk":1,"undead_revamp2:theordure":1,"minecraft:zombie":9,"zombie_extreme:runner":2},"minecraft:custom":{"minecraft:interact_with_furnace":1,"lootr:looted_stat":17,"minecraft:interact_with_anvil":1,"minecraft:mob_kills":12,"minecraft:interact_with_crafting_table":9,"minecraft:stove_opened":3,"minecraft:time_since_death":11009,"minecraft:climb_one_cm":21169,"minecraft:time_since_rest":11036,"minecraft:sprint_one_cm":165230,"minecraft:walk_one_cm":272648,"minecraft:damage_taken":3265,"minecraft:damage_blocked_by_shield":270,"minecraft:fridge_opened":1,"minecraft:drop":35,"minecraft:damage_dealt":7273,"minecraft:chair_used":1,"minecraft:freezer_opened":9,"minecraft:fly_one_cm":175336,"minecraft:player_kills":2,"minecraft:crouch_one_cm":53475,"minecraft:play_time":77401,"minecraft:deaths":13,"minecraft:sneak_time":16900,"minecraft:interact_with_blast_furnace":1,"minecraft:jump":813,"minecraft:drawer_searched":5,"minecraft:walk_on_water_one_cm":426,"minecraft:total_world_time":77401,"minecraft:fall_one_cm":14964},"minecraft:dropped":{"apocalypsenow:human_flesh":3,"biomesoplenty:dead_planks":11,"farmersdelight:skillet":4,"create:polished_cut_calcite_wall":2,"embellishcraft:smooth_marble":3,"farmersdelight:kelp_roll_slice":3,"farmersdelight:cabbage":4,"minecraft:rotten_flesh":2,"farmersdelight:beef_stew":2,"artifacts:cloud_in_a_bottle":1,"apocalypsenow:knife":1,"refinedstorage:cable":3,"biomesoplenty:fir_sapling":9,"biomesoplenty:dead_sapling":3,"minecraft:dirt":1,"minecraft:potato":9,"minecraft:shield":1,"create:framed_glass_trapdoor":4,"farmersdelight:cooking_pot":1,"apocalypsenow:rolling_pin":1,"minecraft:mutton":4,"minecraft:wooden_sword":3,"minecraft:wooden_pickaxe":1,"minecraft:smooth_stone":4,"immersiveengineering:seed":1,"farmersdelight:tomato":13,"farmersdelight:stuffed_pumpkin_block":1,"minecraft:egg":8},"minecraft:mined":{"farmersdelight:cooking_pot":3,"farmersdelight:honey_glazed_ham_block":1,"minecraft:quartz_block":13,"pfm:stripped_spruce_kitchen_drawer":1,"cfm:oak_hedge":4,"minecraft:potted_cactus":1,"minecraft:crafting_table":3,"minecraft:gray_stained_glass_pane":2,"minecraft:torch":1,"minecraft:blast_furnace":6,"minecraft:grass_block":2,"biomesoplenty:fir_planks":2,"quark:framed_glass_pane":1,"create:depot":1,"create:polished_cut_calcite_wall":2,"embellishcraft:polished_marble":10,"embellishcraft:smooth_basalt_slab":5,"pfm:white_stove":1,"embellishcraft:steel_rungs":4,"minecraft:spawner":4,"minecraft:smooth_stone":3,"farmersdelight:shepherds_pie_block":1,"quark:spruce_ladder":11,"immersiveengineering:capacitor_mv":2,"minecraft:anvil":1,"biomesoplenty:fir_log":11,"create:framed_glass_trapdoor":4,"minecraft:grass":4,"biomesoplenty:dead_log":12,"embellishcraft:smooth_marble":7,"minecraft:oak_log":4,"biomesoplenty:fir_leaves":34,"minecraft:dirt":1,"minecraft:cobweb":1,"farmersdelight:stove":1,"immersiveengineering:light_engineering":2,"immersiveengineering:metal_ladder_none":4,"biomesoplenty:dead_sapling":2,"minecraft:stone":22,"embellishcraft:smooth_marble_stairs":1,"zombie_extreme:vending_machine":1,"create:dark_oak_window_pane":5,"minecraft:oak_leaves":38},"minecraft:used":{"pfm:stripped_spruce_kitchen_drawer":1,"minecraft:stone_sword":1,"farmersdelight:skillet":22,"minecraft:stone_pickaxe":28,"minecraft:shield":6,"minecraft:wooden_pickaxe":43,"pfm:white_stove":1,"minecraft:iron_sword":20,"biomesoplenty:fir_planks":20,"cfm:stripped_spruce_table":1,"minecraft:torch":6,"minecraft:dirt":2,"biomesoplenty:fir_slab":2,"minecraft:crafting_table":7,"apocalypsenow:knife":57,"embellishcraft:smooth_marble":2,"embellishcraft:smooth_marble_stairs":2,"minecraft:iron_pickaxe":36,"minecraft:stone_axe":15,"minecraft:wooden_sword":118,"minecraft:potion":3,"quark:spruce_ladder":1,"farmersdelight:cooking_pot":1,"embellishcraft:smooth_basalt_slab":1},"minecraft:broken":{"minecraft:wooden_sword":1,"minecraft:leather_chestplate":1},"minecraft:crafted":{"minecraft:air":106,"biomesoplenty:fir_planks":8,"minecraft:stick":4},"minecraft:picked_up":{"minecraft:crafting_table":3,"apocalypsenow:canned_melon":2,"minecraft:anvil":1,"minecraft:flower_pot":1,"quark:spruce_ladder":5,"apocalypsenow:orange_juice":1,"create:framed_glass_trapdoor":4,"biomesoplenty:dead_log":76,"biomesoplenty:fir_sapling":9,"biomesoplenty:fir_log":20,"minecraft:oak_log":4,"embellishcraft:polished_marble":7,"embellishcraft:steel_rungs":2,"minecraft:shield":2,"minecraft:dirt":3,"farmersdelight:skillet":2,"farmersdelight:cutting_board":1,"minecraft:string":5,"farmersdelight:shepherds_pie_block":1,"create:sweet_roll":5,"minecraft:bone":8,"farmersdelight:cooking_pot":3,"biomesoplenty:dead_sapling":3,"apocalypsenow:human_flesh":3,"minecraft:smooth_stone":4,"alexsmobs:cockroach_wing_fragment":1,"immersiveengineering:capacitor_mv":2,"cfm:stripped_spruce_table":1,"pfm:stripped_spruce_kitchen_drawer":1,"create:polished_cut_calcite_wall":2,"minecraft:book":3,"minecraft:stick":13,"embellishcraft:smooth_marble":5,"pfm:white_stove":1,"minecraft:torch":1,"embellishcraft:smooth_basalt_slab":1,"embellishcraft:smooth_marble_stairs":2,"apocalypsenow:canned_fish":3,"cfm:oak_hedge":3,"minecraft:blast_furnace":6,"minecraft:quartz_block":2,"minecraft:rotten_flesh":13,"minecraft:cactus":1,"immersiveengineering:seed":1,"xpbook:xp_tome":1,"create:depot":1,"quark:framed_glass_pane":1,"farmersdelight:melon_juice":3,"quark:gray_shard":3,"minecraft:oak_sapling":5,"immersiveengineering:light_engineering":2,"farmersdelight:stove":1,"minecraft:cobblestone":22,"rocks:cobblestone_splitter":1},"minecraft:killed_by":{"minecraft:husk":3,"zombiemobs:zombie_horsee":1,"minecraft:zombie":4,"zombie_extreme:runner":1}},"DataVersion":2975}