{"stats":{"minecraft:killed":{"minecraft:zombie":6,"zombie_extreme:runner":1},"minecraft:custom":{"lootr:looted_stat":1,"minecraft:mob_kills":7,"minecraft:interact_with_crafting_table":4,"minecraft:stove_opened":3,"minecraft:time_since_death":824,"minecraft:climb_one_cm":8678,"minecraft:time_since_rest":851,"minecraft:sprint_one_cm":49936,"minecraft:walk_one_cm":92543,"minecraft:damage_taken":1446,"minecraft:drop":18,"minecraft:damage_dealt":4750,"minecraft:freezer_opened":4,"minecraft:fly_one_cm":61730,"minecraft:crouch_one_cm":27315,"minecraft:play_time":29401,"minecraft:deaths":6,"minecraft:sneak_time":8836,"minecraft:jump":322,"minecraft:drawer_searched":1,"minecraft:walk_on_water_one_cm":230,"minecraft:total_world_time":29401,"minecraft:fall_one_cm":6215},"minecraft:dropped":{"apocalypsenow:human_flesh":1,"farmersdelight:skillet":4,"farmersdelight:kelp_roll_slice":3,"farmersdelight:cabbage":4,"farmersdelight:beef_stew":2,"artifacts:cloud_in_a_bottle":1,"refinedstorage:cable":3,"minecraft:potato":9,"apocalypsenow:rolling_pin":1,"minecraft:mutton":4,"minecraft:wooden_sword":2,"farmersdelight:tomato":13,"farmersdelight:stuffed_pumpkin_block":1,"minecraft:egg":8},"minecraft:mined":{"farmersdelight:cooking_pot":1,"farmersdelight:honey_glazed_ham_block":1,"pfm:stripped_spruce_kitchen_drawer":1,"cfm:oak_hedge":1,"minecraft:potted_cactus":1,"minecraft:crafting_table":1,"minecraft:gray_stained_glass_pane":2,"minecraft:torch":1,"biomesoplenty:fir_planks":2,"pfm:white_stove":1,"minecraft:smooth_stone":3,"quark:spruce_ladder":7,"biomesoplenty:fir_log":11,"embellishcraft:smooth_marble":7,"biomesoplenty:fir_leaves":34,"immersiveengineering:metal_ladder_none":4,"embellishcraft:smooth_marble_stairs":1},"minecraft:used":{"minecraft:wooden_pickaxe":20,"pfm:white_stove":1,"biomesoplenty:fir_planks":19,"cfm:stripped_spruce_table":1,"minecraft:torch":6,"biomesoplenty:fir_slab":2,"minecraft:crafting_table":4,"apocalypsenow:knife":34,"embellishcraft:smooth_marble_stairs":2,"minecraft:wooden_sword":103,"minecraft:potion":2,"quark:spruce_ladder":1},"minecraft:broken":{"minecraft:wooden_sword":1,"minecraft:leather_chestplate":1},"minecraft:crafted":{"minecraft:air":60},"minecraft:picked_up":{"minecraft:crafting_table":1,"minecraft:flower_pot":1,"quark:spruce_ladder":4,"biomesoplenty:fir_sapling":9,"biomesoplenty:fir_log":11,"farmersdelight:skillet":1,"farmersdelight:cutting_board":1,"minecraft:string":2,"minecraft:bone":2,"farmersdelight:cooking_pot":1,"apocalypsenow:human_flesh":1,"minecraft:smooth_stone":3,"alexsmobs:cockroach_wing_fragment":1,"cfm:stripped_spruce_table":1,"pfm:stripped_spruce_kitchen_drawer":1,"minecraft:stick":6,"embellishcraft:smooth_marble":5,"pfm:white_stove":1,"minecraft:torch":1,"embellishcraft:smooth_marble_stairs":2,"cfm:oak_hedge":1,"minecraft:rotten_flesh":7,"minecraft:cactus":1,"xpbook:xp_tome":1},"minecraft:killed_by":{"minecraft:husk":2,"minecraft:zombie":2}},"DataVersion":2975}