{"stats":{"minecraft:killed":{"undead_revamp2:theordure":1,"minecraft:zombie":9,"zombie_extreme:runner":2},"minecraft:custom":{"minecraft:interact_with_furnace":1,"lootr:looted_stat":9,"minecraft:interact_with_anvil":1,"minecraft:mob_kills":11,"minecraft:interact_with_crafting_table":5,"minecraft:stove_opened":3,"minecraft:time_since_death":3336,"minecraft:climb_one_cm":21111,"minecraft:time_since_rest":3366,"minecraft:sprint_one_cm":144835,"minecraft:walk_one_cm":230680,"minecraft:damage_taken":3039,"minecraft:damage_blocked_by_shield":270,"minecraft:drop":23,"minecraft:damage_dealt":6829,"minecraft:chair_used":1,"minecraft:freezer_opened":4,"minecraft:fly_one_cm":150668,"minecraft:player_kills":1,"minecraft:crouch_one_cm":47772,"minecraft:play_time":65401,"minecraft:deaths":12,"minecraft:sneak_time":15276,"minecraft:jump":690,"minecraft:drawer_searched":5,"minecraft:walk_on_water_one_cm":426,"minecraft:total_world_time":65401,"minecraft:fall_one_cm":12386},"minecraft:dropped":{"apocalypsenow:human_flesh":1,"farmersdelight:skillet":4,"embellishcraft:smooth_marble":3,"farmersdelight:kelp_roll_slice":3,"farmersdelight:cabbage":4,"farmersdelight:beef_stew":2,"artifacts:cloud_in_a_bottle":1,"apocalypsenow:knife":1,"refinedstorage:cable":3,"biomesoplenty:fir_sapling":9,"minecraft:potato":9,"minecraft:shield":1,"apocalypsenow:rolling_pin":1,"minecraft:mutton":4,"minecraft:wooden_sword":2,"minecraft:smooth_stone":4,"farmersdelight:tomato":13,"farmersdelight:stuffed_pumpkin_block":1,"minecraft:egg":8},"minecraft:mined":{"farmersdelight:cooking_pot":1,"farmersdelight:honey_glazed_ham_block":1,"minecraft:quartz_block":13,"pfm:stripped_spruce_kitchen_drawer":1,"cfm:oak_hedge":4,"minecraft:potted_cactus":1,"minecraft:crafting_table":2,"minecraft:gray_stained_glass_pane":2,"minecraft:torch":1,"biomesoplenty:fir_planks":2,"quark:framed_glass_pane":1,"embellishcraft:polished_marble":10,"embellishcraft:smooth_basalt_slab":5,"pfm:white_stove":1,"embellishcraft:steel_rungs":4,"minecraft:spawner":2,"minecraft:smooth_stone":3,"quark:spruce_ladder":11,"minecraft:anvil":1,"biomesoplenty:fir_log":11,"minecraft:grass":3,"biomesoplenty:dead_log":5,"embellishcraft:smooth_marble":7,"minecraft:oak_log":4,"biomesoplenty:fir_leaves":34,"immersiveengineering:metal_ladder_none":4,"embellishcraft:smooth_marble_stairs":1,"create:dark_oak_window_pane":5,"minecraft:oak_leaves":38},"minecraft:used":{"pfm:stripped_spruce_kitchen_drawer":1,"farmersdelight:skillet":22,"minecraft:shield":6,"minecraft:wooden_pickaxe":25,"pfm:white_stove":1,"minecraft:iron_sword":20,"biomesoplenty:fir_planks":20,"cfm:stripped_spruce_table":1,"minecraft:torch":6,"biomesoplenty:fir_slab":2,"minecraft:crafting_table":5,"apocalypsenow:knife":57,"embellishcraft:smooth_marble":2,"embellishcraft:smooth_marble_stairs":2,"minecraft:iron_pickaxe":36,"minecraft:wooden_sword":103,"minecraft:potion":3,"quark:spruce_ladder":1,"farmersdelight:cooking_pot":1,"embellishcraft:smooth_basalt_slab":1},"minecraft:broken":{"minecraft:wooden_sword":1,"minecraft:leather_chestplate":1},"minecraft:crafted":{"minecraft:air":63,"biomesoplenty:fir_planks":8,"minecraft:stick":4},"minecraft:picked_up":{"minecraft:crafting_table":2,"minecraft:anvil":1,"minecraft:flower_pot":1,"quark:spruce_ladder":5,"biomesoplenty:dead_log":5,"biomesoplenty:fir_sapling":9,"biomesoplenty:fir_log":20,"minecraft:oak_log":4,"embellishcraft:polished_marble":7,"embellishcraft:steel_rungs":2,"minecraft:shield":2,"farmersdelight:skillet":2,"farmersdelight:cutting_board":1,"minecraft:string":2,"minecraft:bone":6,"farmersdelight:cooking_pot":1,"apocalypsenow:human_flesh":1,"minecraft:smooth_stone":4,"alexsmobs:cockroach_wing_fragment":1,"cfm:stripped_spruce_table":1,"pfm:stripped_spruce_kitchen_drawer":1,"minecraft:book":3,"minecraft:stick":6,"embellishcraft:smooth_marble":5,"pfm:white_stove":1,"minecraft:torch":1,"embellishcraft:smooth_basalt_slab":1,"embellishcraft:smooth_marble_stairs":2,"cfm:oak_hedge":3,"minecraft:quartz_block":2,"minecraft:rotten_flesh":9,"minecraft:cactus":1,"immersiveengineering:seed":1,"xpbook:xp_tome":1,"quark:framed_glass_pane":1,"quark:gray_shard":3,"minecraft:oak_sapling":5,"rocks:cobblestone_splitter":1},"minecraft:killed_by":{"minecraft:husk":3,"minecraft:zombie":4,"zombie_extreme:runner":1}},"DataVersion":2975}