{"stats":{"minecraft:killed":{"minecraft:zombie":7,"zombie_extreme:runner":2},"minecraft:custom":{"lootr:looted_stat":4,"minecraft:mob_kills":10,"minecraft:interact_with_crafting_table":5,"minecraft:stove_opened":3,"minecraft:time_since_death":12824,"minecraft:climb_one_cm":16317,"minecraft:time_since_rest":12851,"minecraft:sprint_one_cm":52798,"minecraft:walk_one_cm":131041,"minecraft:damage_taken":1500,"minecraft:drop":23,"minecraft:damage_dealt":5456,"minecraft:chair_used":1,"minecraft:freezer_opened":4,"minecraft:fly_one_cm":62507,"minecraft:crouch_one_cm":29675,"minecraft:play_time":41401,"minecraft:deaths":6,"minecraft:sneak_time":9999,"minecraft:jump":398,"minecraft:drawer_searched":5,"minecraft:walk_on_water_one_cm":230,"minecraft:total_world_time":41401,"minecraft:fall_one_cm":6936},"minecraft:dropped":{"apocalypsenow:human_flesh":1,"farmersdelight:skillet":4,"embellishcraft:smooth_marble":3,"farmersdelight:kelp_roll_slice":3,"farmersdelight:cabbage":4,"farmersdelight:beef_stew":2,"artifacts:cloud_in_a_bottle":1,"apocalypsenow:knife":1,"refinedstorage:cable":3,"biomesoplenty:fir_sapling":9,"minecraft:potato":9,"minecraft:shield":1,"apocalypsenow:rolling_pin":1,"minecraft:mutton":4,"minecraft:wooden_sword":2,"minecraft:smooth_stone":4,"farmersdelight:tomato":13,"farmersdelight:stuffed_pumpkin_block":1,"minecraft:egg":8},"minecraft:mined":{"farmersdelight:cooking_pot":1,"farmersdelight:honey_glazed_ham_block":1,"minecraft:quartz_block":1,"pfm:stripped_spruce_kitchen_drawer":1,"cfm:oak_hedge":1,"minecraft:potted_cactus":1,"minecraft:crafting_table":2,"minecraft:gray_stained_glass_pane":2,"minecraft:torch":1,"biomesoplenty:fir_planks":2,"quark:framed_glass_pane":1,"embellishcraft:smooth_basalt_slab":3,"pfm:white_stove":1,"minecraft:smooth_stone":3,"quark:spruce_ladder":11,"biomesoplenty:fir_log":11,"embellishcraft:smooth_marble":7,"biomesoplenty:fir_leaves":34,"immersiveengineering:metal_ladder_none":4,"embellishcraft:smooth_marble_stairs":1,"minecraft:oak_leaves":1},"minecraft:used":{"pfm:stripped_spruce_kitchen_drawer":1,"minecraft:wooden_pickaxe":25,"pfm:white_stove":1,"minecraft:iron_sword":2,"biomesoplenty:fir_planks":19,"cfm:stripped_spruce_table":1,"minecraft:torch":6,"biomesoplenty:fir_slab":2,"minecraft:crafting_table":5,"apocalypsenow:knife":57,"embellishcraft:smooth_marble":2,"embellishcraft:smooth_marble_stairs":2,"minecraft:wooden_sword":103,"minecraft:potion":3,"quark:spruce_ladder":1,"farmersdelight:cooking_pot":1,"embellishcraft:smooth_basalt_slab":1},"minecraft:broken":{"minecraft:wooden_sword":1,"minecraft:leather_chestplate":1},"minecraft:crafted":{"minecraft:air":63,"biomesoplenty:fir_planks":8,"minecraft:stick":4},"minecraft:picked_up":{"minecraft:crafting_table":2,"minecraft:flower_pot":1,"quark:spruce_ladder":5,"biomesoplenty:fir_sapling":9,"biomesoplenty:fir_log":20,"minecraft:shield":2,"farmersdelight:skillet":1,"farmersdelight:cutting_board":1,"minecraft:string":2,"minecraft:bone":2,"farmersdelight:cooking_pot":1,"apocalypsenow:human_flesh":1,"minecraft:smooth_stone":4,"alexsmobs:cockroach_wing_fragment":1,"cfm:stripped_spruce_table":1,"pfm:stripped_spruce_kitchen_drawer":1,"minecraft:stick":6,"embellishcraft:smooth_marble":5,"pfm:white_stove":1,"minecraft:torch":1,"embellishcraft:smooth_basalt_slab":1,"embellishcraft:smooth_marble_stairs":2,"cfm:oak_hedge":1,"minecraft:quartz_block":1,"minecraft:rotten_flesh":9,"minecraft:cactus":1,"xpbook:xp_tome":1,"quark:framed_glass_pane":1},"minecraft:killed_by":{"minecraft:husk":2,"minecraft:zombie":2}},"DataVersion":2975}