{"stats":{"minecraft:killed":{"minecraft:zombie":5,"alexsmobs:cockroach":1},"minecraft:custom":{"lootr:looted_stat":12,"minecraft:mob_kills":9,"minecraft:interact_with_crafting_table":8,"minecraft:stove_opened":6,"minecraft:interact_with_campfire":8,"minecraft:time_since_death":3813,"minecraft:climb_one_cm":12843,"minecraft:time_since_rest":3836,"minecraft:sprint_one_cm":71216,"minecraft:damage_taken":1555,"minecraft:walk_one_cm":186434,"minecraft:fridge_opened":4,"minecraft:drop":26,"minecraft:damage_dealt":2540,"minecraft:swim_one_cm":12173,"minecraft:freezer_opened":9,"minecraft:fly_one_cm":56780,"minecraft:crouch_one_cm":29439,"minecraft:play_time":47791,"minecraft:deaths":4,"minecraft:sneak_time":7683,"minecraft:walk_under_water_one_cm":1565,"minecraft:jump":431,"minecraft:drawer_searched":2,"minecraft:walk_on_water_one_cm":4060,"minecraft:total_world_time":47791,"minecraft:fall_one_cm":5454},"minecraft:dropped":{"biomesoplenty:fir_log":9,"apocalypsenow:human_flesh":2,"embellishcraft:smooth_marble_stairs":1,"farmersdelight:skillet":1,"minecraft:glass_bottle":3,"minecraft:rotten_flesh":4,"minecraft:book":3,"patchouli:guide_book":1,"biomesoplenty:fir_sapling":1,"apocalypsenow:baseball_bat":1,"minecraft:stick":4,"farmersdelight:cutting_board":1,"rocks:cobblestone_splitter":1,"apocalypsenow:construction_chestplate":1,"quark:light_gray_shard":2,"minecraft:shield":2,"biomesoplenty:fir_planks":1,"farmersdelight:onion":2,"ftbquests:book":1,"chalk:blue_chalk":2,"minecraft:gold_ingot":2},"minecraft:mined":{"farmersdelight:honey_glazed_ham_block":1,"minecraft:quartz_block":4,"cfm:oak_hedge":2,"minecraft:stripped_dark_oak_log":2,"minecraft:stone_brick_slab":1,"apocalypsenow:money_block":3,"minecraft:gray_stained_glass_pane":4,"minecraft:crafting_table":3,"minecraft:gray_stained_glass":1,"biomesoplenty:fir_planks":2,"rocks:rock":1,"minecraft:wall_torch":1,"minecraft:smooth_stone":3,"minecraft:black_stained_glass_pane":2,"minecraft:seagrass":1,"farmersdelight:shepherds_pie_block":2,"rocks:spruce_stick":1,"minecraft:light_gray_stained_glass":7,"quark:spruce_ladder":8,"cfm:stripped_spruce_table":1,"biomesoplenty:fir_log":7,"minecraft:grass":1,"minecraft:bookshelf":1,"embellishcraft:smooth_marble":5,"snowrealmagic:stairs":2,"biomesoplenty:fir_leaves":17,"minecraft:smooth_quartz":5,"create:dark_oak_window_pane":3,"minecraft:iron_trapdoor":1},"minecraft:used":{"apocalypsenow:butterfly_knife":1,"minecraft:wooden_pickaxe":25,"minecraft:iron_sword":20,"biomesoplenty:fir_planks":80,"minecraft:torch":8,"minecraft:crafting_table":3,"minecraft:campfire":2,"cfm:brown_kitchen_counter":1,"minecraft:dark_oak_planks":8,"apocalypsenow:knife":33,"embellishcraft:smooth_marble":6,"minecraft:stone_brick_slab":1,"minecraft:wooden_axe":7,"minecraft:bread":1,"apocalypsenow:money_block":3,"minecraft:smooth_quartz":5,"minecraft:wooden_sword":34,"minecraft:potion":3,"minecraft:iron_trapdoor":1,"quark:spruce_ladder":1,"embellishcraft:polished_marble":1,"minecraft:smooth_stone":1},"minecraft:broken":{"minecraft:wooden_axe":1,"minecraft:leather_chestplate":1},"minecraft:crafted":{"minecraft:cooked_chicken":3,"minecraft:iron_sword":1,"minecraft:campfire":2,"minecraft:cooked_mutton":3,"minecraft:air":174,"biomesoplenty:fir_planks":4,"minecraft:wooden_axe":2},"minecraft:picked_up":{"tac:round45":1,"minecraft:crafting_table":3,"minecraft:iron_trapdoor":1,"cfm:brown_kitchen_counter":1,"quark:spruce_ladder":2,"biomesoplenty:fir_sapling":4,"biomesoplenty:fir_log":70,"embellishcraft:polished_marble":1,"apocalypsenow:construction_chestplate":1,"farmersdelight:cutting_board":1,"minecraft:string":2,"farmersdelight:shepherds_pie_block":2,"minecraft:wooden_sword":1,"minecraft:cooked_mutton":2,"farmersdelight:honey_glazed_ham_block":1,"minecraft:bone":8,"apocalypsenow:human_flesh":2,"minecraft:smooth_stone":1,"biomesoplenty:fir_planks":2,"minecraft:smooth_quartz":5,"minecraft:book":3,"quark:light_gray_shard":22,"minecraft:stick":9,"embellishcraft:smooth_marble":6,"minecraft:torch":1,"minecraft:stone_brick_slab":1,"embellishcraft:smooth_marble_stairs":1,"cfm:oak_hedge":2,"chalk:blue_chalk":2,"minecraft:quartz_block":13,"minecraft:rotten_flesh":6,"minecraft:stripped_dark_oak_log":2,"rocks:cobblestone_splitter":1,"apocalypsenow:money_block":3},"minecraft:killed_by":{"minecraft:zombie":2}},"DataVersion":2975}