{"stats":{"minecraft:killed_by":{"undead_unleashed:shadewraith":1},"minecraft:used":{"upgrade_aquatic:river_planks":1,"minecraft:oak_sign":2,"scguns:riveter":6,"miners_delight:baked_tentacles":31,"upgrade_aquatic:river_trapdoor":4,"minecraft:furnace":6,"minecraft:cooked_cod":6,"forbidden_arcanus:edelwood_bucket":15,"minecraft:stone_pickaxe":122,"minecraft:oak_planks":137,"create:crimsite":3,"minecraft:wooden_pickaxe":6,"culturaldelights:cooked_squid":7,"minecraft:glow_berries":5,"minecraft:bread":4,"minecraft:gravel":2,"biomesoplenty:glowing_moss_carpet":1,"minecraft:andesite":3,"minecraft:experience_bottle":1,"minecraft:oak_fence":12,"minecraft:oak_trapdoor":16,"minecraft:stone_shovel":49,"woodworks:oak_chest":1,"minecraft:spruce_planks":57,"upgrade_aquatic:cooked_pike":3,"minecraft:cooked_salmon":1,"minecraft:cooked_chicken":2,"woodworks:spruce_chest":1,"minecraft:torch":89,"minecraft:dirt":4,"upgrade_aquatic:river_door":2,"minecraft:cobblestone_wall":1,"twigs:rhyolite":6,"twigs:petrified_lichen":1,"enigmaticlegacy:common_potion":1,"minecraft:granite":1,"biomesoplenty:maple_sapling":9,"farmersdelight:rope":11,"minecraft:iron_axe":200,"minecraft:cobbled_deepslate":19,"minecraft:golden_axe":14,"minecraft:cooked_mutton":3,"minecraft:cobblestone_stairs":1,"forbidden_arcanus:edelwood_lava_bucket":16,"blue_skies:horizonite_sword":52,"minecraft:fletching_table":2,"minecraft:cobblestone_slab":7,"minecraft:oak_slab":42,"minecraft:crafting_table":8,"supplementaries:bomb":2,"minecraft:campfire":2,"minecraft:spruce_log":1,"minecraft:smoker":1,"minecraft:oak_log":50,"minecraft:diamond_pickaxe":465,"minecraft:iron_pickaxe":198,"minecraft:spruce_sapling":2,"minecraft:stone_axe":89,"miners_delight:mushroom_stew_cup":2,"minecraft:fishing_rod":39,"minecraft:cobblestone":31,"sophisticatedstorage:iron_chest":2,"minecraft:cooked_porkchop":1},"minecraft:custom":{"enigmaticlegacy:play_time_with_seven_curses":0,"lootr:looted_stat":2,"minecraft:interact_with_crafting_table":75,"goblintraders:trade_with_goblin":23,"minecraft:leave_game":4,"minecraft:time_since_death":170476,"minecraft:sprint_one_cm":412171,"minecraft:drop":103,"minecraft:play_time":215207,"minecraft:deaths":4,"minecraft:jump":3284,"minecraft:walk_on_water_one_cm":17581,"minecraft:interact_with_furnace":76,"minecraft:damage_dealt":7724,"minecraft:crouch_one_cm":23999,"minecraft:interact_with_smoker":7,"minecraft:mob_kills":53,"minecraft:interact_with_campfire":22,"minecraft:climb_one_cm":2000,"minecraft:walk_one_cm":495864,"minecraft:sneak_time":6568,"minecraft:walk_under_water_one_cm":11315,"minecraft:total_world_time":215207,"enigmaticlegacy:play_time_without_seven_curses":215063,"minecraft:time_since_rest":170507,"minecraft:damage_taken":2951,"minecraft:swim_one_cm":13255,"minecraft:fly_one_cm":592702,"minecraft:open_chest":126,"minecraft:fish_caught":22,"minecraft:fall_one_cm":82305},"minecraft:crafted":{"minecraft:oak_planks":308,"minecraft:cobblestone_slab":6,"minecraft:oak_sign":3,"minecraft:cooked_chicken":2,"ad_astra:hammer":1,"minecraft:cobblestone_stairs":4,"minecraft:cooked_mutton":2,"minecraft:iron_boots":1,"minecraft:oak_fence":12,"minecraft:smoker":1,"minecraft:oak_slab":42,"forbidden_arcanus:cooked_tentacle":1,"sophisticatedbackpacks:backpack":1,"minecraft:cooked_porkchop":2,"minecraft:crafting_table":4,"minecraft:spruce_planks":44,"minecraft:wooden_pickaxe":1,"minecraft:iron_helmet":1,"minecraft:copper_ingot":36,"minecraft:campfire":3,"minecraft:iron_chestplate":1,"minecraft:diamond_pickaxe":1,"minecraft:stick":72,"minecraft:iron_ingot":68,"minecraft:iron_pickaxe":1,"minecraft:gold_ingot":11,"scguns:stone_chunk":9,"upgrade_aquatic:river_door":3,"minecraft:stone_shovel":1,"minecraft:fishing_rod":1,"minecraft:furnace":6,"blue_skies:horizonite_sword":1,"woodworks:spruce_chest":1,"minecraft:oak_trapdoor":14,"minecraft:stone_pickaxe":1,"upgrade_aquatic:river_trapdoor":4,"minecraft:cobblestone_wall":6,"immersiveengineering:ingot_uranium":3,"minecraft:wheat":9,"sophisticatedbackpacks:iron_backpack":1,"miners_delight:baked_squid":1,"culturaldelights:cooked_squid":7,"miners_delight:baked_tentacles":29,"minecraft:cooked_salmon":2,"upgrade_aquatic:river_planks":24,"sophisticatedbackpacks:gold_backpack":1,"minecraft:stone_axe":1,"minecraft:bread":3,"minecraft:air":0,"woodworks:oak_chest":2,"forbidden_arcanus:arcane_crystal_dust":3,"minecraft:iron_leggings":1,"minecraft:torch":104},"minecraft:mined":{"create:deepslate_zinc_ore":7,"minecraft:spruce_planks":18,"minecraft:granite":1,"minecraft:grass_block":65,"immersiveengineering:deepslate_ore_uranium":5,"minecraft:iron_ore":67,"minecraft:fire":2,"immersiveengineering:deepslate_ore_silver":5,"minecraft:fletching_table":1,"minecraft:deepslate_lapis_ore":5,"biomesoplenty:glowshroom_block":3,"immersiveengineering:ore_lead":17,"minecraft:deepslate_redstone_ore":12,"create:cogwheel":1,"biomesoplenty:glowing_moss_carpet":1,"minecraft:torch":35,"create:scoria":1,"minecraft:mushroom_stem":6,"minecraft:cobblestone":3,"minecraft:sugar_cane":1,"minecraft:oak_planks":8,"minecraft:wall_torch":3,"minecraft:deepslate_copper_ore":1,"forbidden_arcanus:darkstone":1,"biomesoplenty:glowworm_silk_strand":1,"biomesoplenty:maple_leaves":1,"minecraft:grass":23,"minecraft:oak_log":123,"minecraft:dirt":10,"twigs:rhyolite":3,"minecraft:red_mushroom_block":5,"create:crimsite":3,"minecraft:deepslate":47,"minecraft:infested_deepslate":1,"biomesoplenty:glowing_moss_block":2,"create:zinc_ore":15,"minecraft:tuff":5,"minecraft:deepslate_diamond_ore":4,"sophisticatedstorage:iron_chest":1,"thinair:signal_torch":3,"create_new_age:thorium_ore":44,"minecraft:brown_mushroom_block":4,"iter_rpg:big_vase":2,"minecraft:oak_trapdoor":2,"forbidden_arcanus:deepslate_arcane_crystal_ore":5,"minecraft:furnace":1,"iter_rpg:small_vase":1,"minecraft:andesite":3,"farmersdelight:rope":2,"minecraft:deepslate_iron_ore":19,"minecraft:cobblestone_slab":1,"minecraft:vine":1,"minecraft:stone":187,"upgrade_aquatic:river_planks":1,"minecraft:oak_slab":5,"create_new_age:magnetite_block":9,"minecraft:crafting_table":4,"iter_rpg:vase":4,"twigs:petrified_lichen":1,"minecraft:copper_ore":80,"minecraft:lapis_ore":1,"minecraft:deepslate_gold_ore":7,"minecraft:diorite":3,"upgrade_aquatic:river_trapdoor":1,"minecraft:cobblestone_wall":1,"forbidden_arcanus:xpetrified_ore":4,"iter_rpg:abyss_quartz":2,"minecraft:spruce_log":29,"minecraft:coal_ore":193,"iter_rpg:spider_egg":1,"minecraft:gravel":1,"minecraft:gold_ore":1,"forbidden_arcanus:runic_deepslate":1,"minecraft:fern":19},"minecraft:killed":{"scguns:broken_mining_unit":1,"enemyexpansion:equestrian":1,"minecraft:spider":3,"minecraft:skeleton":2,"minecraft:chicken":4,"scguns:gun_railway_bandit":1,"scguns:sky_carrier":1,"minecraft:pig":1,"minecraft:salmon":2,"iter_rpg:spiderling":3,"irons_spellbooks:necromancer":1,"scguns:adjudicator":2,"minecraft:sheep":3,"minecraft:zombie":7,"enemyexpansion:botfly":5,"undead_unleashed:haunter":1,"minecraft:glow_squid":7,"scguns:wool_man":2,"enemyexpansion:direwolf":2,"enemyexpansion:goblin":2,"minecraft:squid":2,"enemyexpansion:crawler":1,"alexsmobs:catfish":1},"minecraft:dropped":{"minecraft:oak_log":8,"minecraft:glass_bottle":2,"minecraft:crafting_table":1,"create:cogwheel":2,"minecraft:leather":2,"minecraft:red_mushroom":1,"minecraft:flint":6,"pyrologernfriends:boomstick":1,"minecraft:dirt":16,"minecraft:cooked_cod":4,"pyrologernfriends:iron_dagger":2,"minecraft:fishing_rod":1,"ftbquests:book":1,"twigs:twig":7,"minecraft:bone":4,"minecraft:stone_axe":2,"minecraft:sugar_cane":3,"minecraft:iron_nugget":16,"minecraft:rotten_flesh":7,"minecraft:oak_planks":1,"scguns:riveter":1,"miners_delight:baked_squid":1,"minecraft:charcoal":2,"minecraft:leather_boots":1,"iter_rpg:spider_silk":1,"minecraft:campfire":1,"enigmaticlegacy:enigmatic_amulet":1,"minecraft:iron_ingot":4,"minecraft:wheat_seeds":32,"minecraft:golden_helmet":1,"minecraft:lilac":3,"upgrade_aquatic:mulberry":2,"enigmaticlegacy:the_acknowledgment":2,"create:brass_nugget":1,"biomesoplenty:maple_sapling":6,"minecraft:golden_axe":3,"minecraft:cobblestone":61,"thinair:respirator":1,"minecraft:copper_ingot":12,"pyrologernfriends:dynamite":2,"minecraft:stick":15,"irons_spellbooks:scroll":1,"minecraft:diamond_horse_armor":1,"miners_delight:mushroom_stew_cup":2,"minecraft:cooked_salmon":4,"minecraft:mud":1,"minecraft:chainmail_leggings":1,"minecraft:lily_pad":1,"cold_sweat:thermometer":2,"minecraft:spruce_sapling":2,"iter_rpg:potsherd":2,"minecraft:tuff":4,"minecraft:stone_shovel":1,"minecraft:oak_sign":1,"miners_delight:baked_tentacles":2,"upgrade_aquatic:river_sapling":4,"upgrade_aquatic:river_log":13,"minecraft:hay_block":1,"minecraft:spruce_planks":132,"minecraft:spider_eye":3,"forbidden_arcanus:cooked_tentacle":1,"minecraft:spruce_log":6,"minecraft:stone_pickaxe":3,"minecraft:wooden_pickaxe":2},"minecraft:picked_up":{"irons_spellbooks:scroll":1,"minecraft:wheat":9,"undead_unleashed:cursed_cloth":1,"upgrade_aquatic:river_trapdoor":1,"forbidden_arcanus:xpetrified_orb":4,"minecraft:string":37,"minecraft:raw_copper":274,"spirit:broken_spawner":1,"minecraft:cooked_salmon":3,"upgrade_aquatic:river_sapling":6,"minecraft:experience_bottle":1,"minecraft:pufferfish":5,"minecraft:oak_sign":1,"immersiveengineering:raw_lead":17,"irons_spellbooks:arcane_essence":1,"upgrade_aquatic:river_log":14,"minecraft:cobbled_deepslate":55,"twigs:pebble":1,"minecraft:spruce_planks":121,"minecraft:cobblestone_slab":1,"pyrologernfriends:iron_dagger":1,"upgrade_aquatic:river_planks":13,"upgrade_aquatic:mulberry":1,"minecraft:furnace":1,"minecraft:stick":24,"forbidden_arcanus:edelwood_lava_bucket":1,"miners_delight:tentacles":41,"forbidden_arcanus:tentacle":1,"minecraft:torch":47,"minecraft:porkchop":2,"minecraft:golden_axe":2,"minecraft:diorite":3,"minecraft:rotten_flesh":10,"upgrade_aquatic:cooked_pike":3,"pyrologernfriends:dynamite":1,"scguns:riveter":4,"farmersdelight:rope":2,"minecraft:cod":11,"minecraft:cobblestone":339,"upgrade_aquatic:purple_pickerelweed":1,"minecraft:feather":6,"minecraft:lilac":8,"miners_delight:mushroom_stew_cup":4,"minecraft:andesite":3,"enigmaticlegacy:the_acknowledgment":3,"minecraft:tuff":5,"create:raw_zinc":22,"minecraft:lapis_lazuli":89,"minecraft:dirt":129,"miners_delight:baked_tentacles":4,"culturaldelights:glow_squid":6,"minecraft:bone":7,"minecraft:wheat_seeds":76,"minecraft:raw_gold":8,"create_new_age:magnetite_block":9,"ftbquests:book":1,"forbidden_arcanus:rune":1,"minecraft:fletching_table":2,"twigs:twig":33,"minecraft:oak_planks":11,"miners_delight:squid":1,"immersiveengineering:raw_uranium":5,"create:cogwheel":4,"iter_rpg:spider_silk":1,"scguns:basic_mechanism":1,"create:crimsite":3,"scguns:basic_bullet_pouch":2,"minecraft:diamond":4,"iter_rpg:abyssquartz_shard":5,"minecraft:granite":1,"scguns:shell_pouch":1,"minecraft:emerald":1,"twigs:rhyolite":6,"minecraft:fishing_rod":1,"minecraft:mud":1,"minecraft:crafting_table":4,"create_new_age:thorium":152,"twigs:petrified_lichen":1,"minecraft:chicken":4,"minecraft:brown_mushroom":2,"minecraft:wooden_pickaxe":1,"minecraft:diamond_horse_armor":1,"minecraft:shield":1,"minecraft:oak_trapdoor":2,"minecraft:iron_axe":4,"cold_sweat:thermometer":4,"improvableskills:scroll_normal":1,"scguns:rivet":11,"minecraft:iron_nugget":20,"minecraft:light_gray_wool":1,"minecraft:sugar_cane":3,"sophisticatedstorage:iron_chest":1,"minecraft:egg":2,"minecraft:raw_iron":88,"minecraft:copper_ingot":1,"upgrade_aquatic:pike":3,"scguns:brass_slag":5,"minecraft:carrot":1,"minecraft:redstone":66,"minecraft:stone_shovel":1,"minecraft:arrow":2,"minecraft:cooked_cod":10,"upgrade_aquatic:driftwood_log":5,"minecraft:hay_block":1,"culturaldelights:squid":1,"minecraft:gold_ingot":1,"upgrade_aquatic:river_door":2,"minecraft:mutton":4,"forbidden_arcanus:spawner_scrap":1,"minecraft:white_wool":2,"minecraft:salmon":5,"minecraft:leather":8,"minecraft:red_mushroom":10,"minecraft:oak_log":171,"minecraft:lily_pad":1,"minecraft:cobblestone_wall":1,"minecraft:gunpowder":3,"biomesoplenty:glowing_moss_carpet":2,"scguns:pure_gunpowder_dust":1,"biomesoplenty:glowworm_silk":1,"iter_rpg:potsherd":3,"minecraft:iron_ingot":3,"minecraft:stone_pickaxe":6,"minecraft:glass_bottle":1,"minecraft:oak_slab":5,"create:brass_nugget":2,"minecraft:gravel":2,"minecraft:amethyst_shard":2,"undead_unleashed:grave_metal_scrap":3,"minecraft:spruce_sapling":6,"minecraft:spruce_log":46,"biomesoplenty:glowing_moss_block":2,"minecraft:spider_eye":3,"minecraft:pumpkin_seeds":1,"forbidden_arcanus:arcane_crystal":5,"biomesoplenty:maple_sapling":15,"minecraft:stone_axe":4,"thinair:respirator":1,"minecraft:coal":196,"immersiveengineering:raw_silver":4},"minecraft:broken":{"minecraft:iron_axe":1}},"DataVersion":3120}