{"stats":{"minecraft:killed":{"alexsmobs:cockroach":1,"minecraft:zombie":3},"minecraft:custom":{"minecraft:time_since_rest":31,"lootr:looted_stat":3,"minecraft:sprint_one_cm":33633,"minecraft:damage_taken":517,"minecraft:walk_one_cm":47435,"minecraft:mob_kills":6,"minecraft:fridge_opened":2,"minecraft:damage_dealt":1054,"minecraft:swim_one_cm":10398,"minecraft:fly_one_cm":25076,"minecraft:freezer_opened":5,"minecraft:crouch_one_cm":4891,"minecraft:stove_opened":5,"minecraft:play_time":11791,"minecraft:deaths":1,"minecraft:sneak_time":1439,"minecraft:walk_under_water_one_cm":1360,"minecraft:jump":143,"minecraft:walk_on_water_one_cm":3911,"minecraft:time_since_death":0,"minecraft:total_world_time":11791,"minecraft:climb_one_cm":2016,"minecraft:fall_one_cm":1392},"minecraft:mined":{"minecraft:seagrass":1,"farmersdelight:honey_glazed_ham_block":1,"minecraft:quartz_block":2,"cfm:oak_hedge":2,"quark:spruce_ladder":2,"minecraft:stone_brick_slab":1,"minecraft:gray_stained_glass_pane":4,"minecraft:grass":1,"biomesoplenty:fir_planks":1,"minecraft:smooth_quartz":5,"create:dark_oak_window_pane":3,"minecraft:iron_trapdoor":1},"minecraft:used":{"minecraft:stone_brick_slab":1,"minecraft:bread":1,"minecraft:wooden_pickaxe":12,"biomesoplenty:fir_planks":20,"minecraft:smooth_quartz":5,"minecraft:torch":5,"minecraft:wooden_sword":34,"minecraft:potion":2,"quark:spruce_ladder":1},"minecraft:crafted":{"minecraft:cooked_mutton":3,"minecraft:air":24},"minecraft:picked_up":{"tac:round45":1,"minecraft:stick":4,"minecraft:iron_trapdoor":1,"quark:spruce_ladder":2,"minecraft:stone_brick_slab":1,"cfm:brown_kitchen_counter":1,"minecraft:torch":1,"biomesoplenty:fir_log":6,"biomesoplenty:fir_sapling":3,"cfm:oak_hedge":2,"apocalypsenow:construction_chestplate":1,"farmersdelight:cutting_board":1,"minecraft:wooden_sword":1,"farmersdelight:honey_glazed_ham_block":1,"minecraft:bone":4,"biomesoplenty:fir_planks":1,"minecraft:smooth_quartz":5}},"DataVersion":2975}