{"stats":{"minecraft:killed":{"minecraft:zombie":4,"alexsmobs:cockroach":1},"minecraft:custom":{"lootr:looted_stat":3,"minecraft:mob_kills":6,"minecraft:interact_with_crafting_table":5,"minecraft:stove_opened":6,"minecraft:interact_with_campfire":4,"minecraft:time_since_death":2001,"minecraft:climb_one_cm":5010,"minecraft:time_since_rest":2036,"minecraft:sprint_one_cm":40864,"minecraft:damage_taken":1016,"minecraft:walk_one_cm":96496,"minecraft:fridge_opened":4,"minecraft:drop":10,"minecraft:damage_dealt":1466,"minecraft:swim_one_cm":10398,"minecraft:freezer_opened":9,"minecraft:fly_one_cm":28307,"minecraft:crouch_one_cm":16379,"minecraft:play_time":23791,"minecraft:deaths":3,"minecraft:sneak_time":4718,"minecraft:walk_under_water_one_cm":1360,"minecraft:jump":207,"minecraft:drawer_searched":2,"minecraft:walk_on_water_one_cm":3911,"minecraft:total_world_time":23791,"minecraft:fall_one_cm":1961},"minecraft:dropped":{"apocalypsenow:human_flesh":2,"embellishcraft:smooth_marble_stairs":1,"minecraft:glass_bottle":2,"biomesoplenty:fir_sapling":1,"farmersdelight:cutting_board":1,"apocalypsenow:construction_chestplate":1,"biomesoplenty:fir_planks":1,"farmersdelight:onion":2,"chalk:blue_chalk":1},"minecraft:mined":{"farmersdelight:honey_glazed_ham_block":1,"minecraft:quartz_block":2,"cfm:oak_hedge":2,"minecraft:stone_brick_slab":1,"minecraft:gray_stained_glass_pane":4,"minecraft:crafting_table":2,"biomesoplenty:fir_planks":2,"minecraft:wall_torch":1,"minecraft:black_stained_glass_pane":2,"minecraft:seagrass":1,"quark:spruce_ladder":6,"cfm:stripped_spruce_table":1,"biomesoplenty:fir_log":7,"minecraft:grass":1,"embellishcraft:smooth_marble":5,"snowrealmagic:stairs":2,"biomesoplenty:fir_leaves":17,"minecraft:smooth_quartz":5,"create:dark_oak_window_pane":3,"minecraft:iron_trapdoor":1},"minecraft:used":{"minecraft:wooden_pickaxe":19,"biomesoplenty:fir_planks":37,"minecraft:torch":6,"minecraft:crafting_table":2,"minecraft:campfire":1,"cfm:brown_kitchen_counter":1,"apocalypsenow:knife":15,"embellishcraft:smooth_marble":6,"minecraft:stone_brick_slab":1,"minecraft:wooden_axe":3,"minecraft:bread":1,"minecraft:smooth_quartz":5,"minecraft:wooden_sword":34,"minecraft:potion":2,"minecraft:iron_trapdoor":1,"quark:spruce_ladder":1},"minecraft:broken":{"minecraft:wooden_axe":1},"minecraft:crafted":{"minecraft:cooked_chicken":3,"minecraft:campfire":2,"minecraft:cooked_mutton":3,"minecraft:air":103,"biomesoplenty:fir_planks":4,"minecraft:wooden_axe":1},"minecraft:picked_up":{"tac:round45":1,"minecraft:crafting_table":2,"minecraft:iron_trapdoor":1,"cfm:brown_kitchen_counter":1,"quark:spruce_ladder":2,"biomesoplenty:fir_sapling":4,"biomesoplenty:fir_log":70,"apocalypsenow:construction_chestplate":1,"farmersdelight:cutting_board":1,"minecraft:string":2,"minecraft:wooden_sword":1,"minecraft:cooked_mutton":2,"farmersdelight:honey_glazed_ham_block":1,"minecraft:bone":8,"apocalypsenow:human_flesh":2,"biomesoplenty:fir_planks":2,"minecraft:smooth_quartz":5,"minecraft:stick":8,"embellishcraft:smooth_marble":6,"minecraft:torch":1,"minecraft:stone_brick_slab":1,"embellishcraft:smooth_marble_stairs":1,"cfm:oak_hedge":2,"chalk:blue_chalk":1,"minecraft:rotten_flesh":4},"minecraft:killed_by":{"minecraft:zombie":1}},"DataVersion":2975}