{"stats":{"minecraft:killed":{"minecraft:zombie":4,"alexsmobs:cockroach":1},"minecraft:custom":{"lootr:looted_stat":5,"minecraft:mob_kills":6,"minecraft:interact_with_crafting_table":8,"minecraft:stove_opened":6,"minecraft:interact_with_campfire":8,"minecraft:time_since_death":14001,"minecraft:climb_one_cm":10033,"minecraft:time_since_rest":14036,"minecraft:sprint_one_cm":44069,"minecraft:damage_taken":1114,"minecraft:walk_one_cm":127360,"minecraft:fridge_opened":4,"minecraft:drop":22,"minecraft:damage_dealt":1787,"minecraft:swim_one_cm":10398,"minecraft:freezer_opened":9,"minecraft:fly_one_cm":29163,"minecraft:crouch_one_cm":18917,"minecraft:play_time":35791,"minecraft:deaths":3,"minecraft:sneak_time":5665,"minecraft:walk_under_water_one_cm":1360,"minecraft:jump":283,"minecraft:drawer_searched":2,"minecraft:walk_on_water_one_cm":3911,"minecraft:total_world_time":35791,"minecraft:fall_one_cm":2710},"minecraft:dropped":{"biomesoplenty:fir_log":9,"apocalypsenow:human_flesh":2,"embellishcraft:smooth_marble_stairs":1,"farmersdelight:skillet":1,"minecraft:glass_bottle":2,"minecraft:rotten_flesh":4,"patchouli:guide_book":1,"biomesoplenty:fir_sapling":1,"apocalypsenow:baseball_bat":1,"minecraft:stick":3,"farmersdelight:cutting_board":1,"apocalypsenow:construction_chestplate":1,"quark:light_gray_shard":2,"minecraft:shield":2,"biomesoplenty:fir_planks":1,"farmersdelight:onion":2,"ftbquests:book":1,"chalk:blue_chalk":2,"minecraft:gold_ingot":2},"minecraft:mined":{"farmersdelight:honey_glazed_ham_block":1,"minecraft:quartz_block":4,"cfm:oak_hedge":2,"minecraft:stone_brick_slab":1,"apocalypsenow:money_block":3,"minecraft:gray_stained_glass_pane":4,"minecraft:crafting_table":3,"biomesoplenty:fir_planks":2,"minecraft:wall_torch":1,"minecraft:smooth_stone":3,"minecraft:black_stained_glass_pane":2,"minecraft:seagrass":1,"minecraft:light_gray_stained_glass":7,"quark:spruce_ladder":8,"cfm:stripped_spruce_table":1,"biomesoplenty:fir_log":7,"minecraft:grass":1,"embellishcraft:smooth_marble":5,"snowrealmagic:stairs":2,"biomesoplenty:fir_leaves":17,"minecraft:smooth_quartz":5,"create:dark_oak_window_pane":3,"minecraft:iron_trapdoor":1},"minecraft:used":{"minecraft:wooden_pickaxe":24,"minecraft:iron_sword":4,"biomesoplenty:fir_planks":48,"minecraft:torch":8,"minecraft:crafting_table":3,"minecraft:campfire":2,"cfm:brown_kitchen_counter":1,"apocalypsenow:knife":33,"embellishcraft:smooth_marble":6,"minecraft:stone_brick_slab":1,"minecraft:wooden_axe":4,"minecraft:bread":1,"apocalypsenow:money_block":3,"minecraft:smooth_quartz":5,"minecraft:wooden_sword":34,"minecraft:potion":2,"minecraft:iron_trapdoor":1,"quark:spruce_ladder":1,"minecraft:smooth_stone":1},"minecraft:broken":{"minecraft:wooden_axe":1},"minecraft:crafted":{"minecraft:cooked_chicken":3,"minecraft:iron_sword":1,"minecraft:campfire":2,"minecraft:cooked_mutton":3,"minecraft:air":114,"biomesoplenty:fir_planks":4,"minecraft:wooden_axe":2},"minecraft:picked_up":{"tac:round45":1,"minecraft:crafting_table":3,"minecraft:iron_trapdoor":1,"cfm:brown_kitchen_counter":1,"quark:spruce_ladder":2,"biomesoplenty:fir_sapling":4,"biomesoplenty:fir_log":70,"apocalypsenow:construction_chestplate":1,"farmersdelight:cutting_board":1,"minecraft:string":2,"minecraft:wooden_sword":1,"minecraft:cooked_mutton":2,"farmersdelight:honey_glazed_ham_block":1,"minecraft:bone":8,"apocalypsenow:human_flesh":2,"minecraft:smooth_stone":1,"biomesoplenty:fir_planks":2,"minecraft:smooth_quartz":5,"quark:light_gray_shard":22,"minecraft:stick":8,"embellishcraft:smooth_marble":6,"minecraft:torch":1,"minecraft:stone_brick_slab":1,"embellishcraft:smooth_marble_stairs":1,"cfm:oak_hedge":2,"chalk:blue_chalk":2,"minecraft:rotten_flesh":4,"apocalypsenow:money_block":3},"minecraft:killed_by":{"minecraft:zombie":1}},"DataVersion":2975}