{"stats":{"minecraft:killed":{"zombie_extreme:crawler":1,"alexsmobs:cockroach":1,"minecraft:zombie":5},"minecraft:custom":{"lootr:looted_stat":42,"minecraft:mob_kills":10,"minecraft:interact_with_crafting_table":16,"minecraft:interact_with_campfire":8,"minecraft:time_since_death":26419,"minecraft:climb_one_cm":16972,"minecraft:sprint_one_cm":207501,"minecraft:walk_one_cm":337922,"minecraft:fridge_opened":9,"minecraft:drop":56,"minecraft:play_time":83791,"minecraft:deaths":6,"minecraft:sneak_time":8375,"minecraft:walk_under_water_one_cm":1923,"minecraft:jump":1071,"minecraft:drawer_searched":2,"minecraft:walk_on_water_one_cm":4745,"minecraft:total_world_time":83791,"minecraft:interact_with_furnace":1,"minecraft:stove_opened":6,"minecraft:sleep_in_bed":2,"minecraft:time_since_rest":7792,"minecraft:damage_taken":2137,"minecraft:damage_dealt":2540,"minecraft:swim_one_cm":12661,"minecraft:fly_one_cm":221700,"minecraft:freezer_opened":9,"minecraft:crouch_one_cm":31435,"minecraft:fall_one_cm":18299},"minecraft:dropped":{"biomesoplenty:fir_log":9,"apocalypsenow:human_flesh":2,"biomesoplenty:dead_planks":2,"minecraft:lilac":1,"farmersdelight:skillet":1,"minecraft:glass_bottle":5,"minecraft:book":3,"tac:m1911":1,"farmersdelight:chicken_cuts":1,"quark:gray_shard":5,"apocalypsenow:canned_tomatos":3,"biomesoplenty:fir_sapling":1,"minecraft:stick":6,"farmersdelight:shepherds_pie_block":1,"minecraft:dirt":5,"quark:light_gray_shard":2,"rocks:cobblestone_splitter":1,"minecraft:potion":8,"farmersdelight:onion":2,"minecraft:wooden_sword":1,"farmersdelight:egg_sandwich":2,"ftbquests:book":1,"chalk:blue_chalk":2,"minecraft:gold_ingot":2,"apocalypsenow:canned_fish":3,"minecraft:kelp":1,"embellishcraft:smooth_marble_stairs":1,"minecraft:stone_sword":1,"apocalypsenow:small_can":1,"minecraft:bowl":1,"minecraft:rotten_flesh":4,"apocalypsenow:canned_pork":2,"patchouli:guide_book":1,"apocalypsenow:baseball_bat":1,"biomesoplenty:dead_sapling":5,"farmersdelight:cutting_board":1,"apocalypsenow:construction_chestplate":1,"minecraft:shield":2,"biomesoplenty:fir_planks":1,"apocalypsenow:dagger":1,"apocalypsenow:canned_melon":7,"explorerscompass:explorerscompass":1,"minecraft:iron_bars":2,"minecraft:stone_pickaxe":1,"minecraft:wooden_pickaxe":1,"tac:9mm_round":6,"apocalypsenow:survival_axe":1},"minecraft:mined":{"farmersdelight:honey_glazed_ham_block":1,"embellishcraft:air_duct":2,"minecraft:gray_stained_glass_pane":6,"minecraft:grass_block":4,"minecraft:spruce_leaves":1,"minecraft:kelp":1,"rocks:rock":1,"minecraft:spawner":4,"minecraft:smooth_stone":3,"minecraft:black_stained_glass_pane":2,"minecraft:bookshelf":1,"minecraft:iron_bars":2,"biomesoplenty:dead_sapling":1,"minecraft:stone":24,"create:dark_oak_window_pane":3,"immersiveengineering:ore_aluminum":12,"minecraft:quartz_block":4,"cfm:oak_hedge":2,"minecraft:stripped_dark_oak_log":2,"minecraft:stone_brick_slab":1,"minecraft:crafting_table":3,"apocalypsenow:money_block":3,"biomesoplenty:fir_planks":2,"minecraft:gray_stained_glass":3,"create:framed_glass":1,"minecraft:lapis_ore":6,"minecraft:wall_torch":3,"minecraft:seagrass":1,"rocks:spruce_stick":1,"farmersdelight:shepherds_pie_block":2,"minecraft:light_gray_stained_glass":7,"cfm:stripped_spruce_table":1,"quark:spruce_ladder":8,"minecraft:lilac":1,"minecraft:spruce_log":5,"biomesoplenty:fir_log":7,"embellishcraft:smooth_marble":5,"minecraft:grass":1,"biomesoplenty:dead_log":3,"snowrealmagic:stairs":2,"biomesoplenty:fir_leaves":17,"minecraft:smooth_quartz":5,"minecraft:dirt":6,"minecraft:cobweb":1,"minecraft:iron_trapdoor":1,"minecraft:oak_leaves":1,"minecraft:dark_oak_planks":2},"minecraft:used":{"apocalypsenow:butterfly_knife":4,"minecraft:iron_sword":20,"farmersdelight:melon_juice":2,"minecraft:torch":12,"minecraft:dirt":4,"cfm:brown_kitchen_counter":1,"apocalypsenow:knife":33,"minecraft:wooden_axe":7,"embellishcraft:smooth_marble":6,"minecraft:stone_brick_slab":1,"minecraft:dark_oak_planks":8,"apocalypsenow:money_block":3,"minecraft:smooth_quartz":5,"minecraft:iron_trapdoor":1,"apocalypsenow:porpsi":1,"minecraft:furnace":1,"biomesoplenty:dead_log":3,"minecraft:stone_pickaxe":39,"minecraft:wooden_pickaxe":29,"biomesoplenty:fir_planks":80,"minecraft:crafting_table":7,"minecraft:campfire":2,"minecraft:bread":1,"minecraft:iron_pickaxe":15,"minecraft:stone_axe":9,"minecraft:wooden_sword":34,"minecraft:potion":3,"quark:spruce_ladder":1,"minecraft:smooth_stone":1,"embellishcraft:polished_marble":1},"minecraft:broken":{"minecraft:leather_chestplate":1,"minecraft:stone_axe":1,"minecraft:wooden_axe":1},"minecraft:crafted":{"minecraft:cooked_chicken":3,"minecraft:cooked_mutton":3,"minecraft:iron_sword":1,"minecraft:campfire":2,"minecraft:air":225,"biomesoplenty:fir_planks":4,"minecraft:stick":4,"minecraft:wooden_axe":2},"minecraft:picked_up":{"minecraft:crafting_table":3,"minecraft:iron_trapdoor":1,"cfm:brown_kitchen_counter":1,"quark:spruce_ladder":2,"farmersdelight:cutting_board":1,"minecraft:string":2,"minecraft:wooden_sword":2,"biomesoplenty:dead_sapling":5,"minecraft:smooth_stone":1,"biomesoplenty:fir_planks":2,"minecraft:smooth_quartz":5,"minecraft:stick":15,"embellishcraft:smooth_marble":6,"minecraft:torch":3,"minecraft:bowl":1,"chalk:blue_chalk":2,"minecraft:quartz_block":13,"minecraft:rotten_flesh":6,"minecraft:iron_bars":2,"apocalypsenow:money_block":3,"minecraft:cobblestone":24,"tac:round45":1,"minecraft:lilac":1,"biomesoplenty:dead_log":87,"biomesoplenty:fir_sapling":4,"biomesoplenty:fir_log":70,"embellishcraft:polished_marble":1,"apocalypsenow:construction_chestplate":1,"minecraft:lapis_lazuli":43,"minecraft:dirt":10,"farmersdelight:shepherds_pie_block":2,"tac:m1911":1,"minecraft:cooked_mutton":2,"farmersdelight:honey_glazed_ham_block":1,"minecraft:bone":8,"minecraft:kelp":1,"apocalypsenow:human_flesh":2,"minecraft:book":3,"quark:light_gray_shard":22,"minecraft:stone_brick_slab":1,"embellishcraft:smooth_marble_stairs":1,"immersiveengineering:raw_aluminum":12,"cfm:oak_hedge":2,"minecraft:spruce_log":5,"embellishcraft:air_duct":1,"quark:gray_shard":5,"minecraft:stripped_dark_oak_log":2,"rocks:cobblestone_splitter":1},"minecraft:killed_by":{"minecraft:husk":1,"undead_revamp2:the_moonflower":1,"minecraft:zombie":2}},"DataVersion":2975}