{"stats":{"minecraft:killed":{"zombie_extreme:crawler":1,"minecraft:zombie":5,"alexsmobs:cockroach":1},"minecraft:custom":{"lootr:looted_stat":21,"minecraft:mob_kills":10,"minecraft:interact_with_crafting_table":10,"minecraft:stove_opened":6,"minecraft:interact_with_campfire":8,"minecraft:time_since_death":2419,"minecraft:climb_one_cm":16607,"minecraft:time_since_rest":2442,"minecraft:sprint_one_cm":120057,"minecraft:damage_taken":2097,"minecraft:walk_one_cm":242730,"minecraft:fridge_opened":4,"minecraft:drop":30,"minecraft:damage_dealt":2540,"minecraft:swim_one_cm":12661,"minecraft:freezer_opened":9,"minecraft:fly_one_cm":92704,"minecraft:crouch_one_cm":30508,"minecraft:play_time":59791,"minecraft:deaths":6,"minecraft:sneak_time":8136,"minecraft:walk_under_water_one_cm":1923,"minecraft:jump":609,"minecraft:drawer_searched":2,"minecraft:walk_on_water_one_cm":4718,"minecraft:total_world_time":59791,"minecraft:fall_one_cm":8486},"minecraft:dropped":{"biomesoplenty:fir_log":9,"apocalypsenow:human_flesh":2,"minecraft:kelp":1,"embellishcraft:smooth_marble_stairs":1,"minecraft:lilac":1,"farmersdelight:skillet":1,"minecraft:glass_bottle":4,"tac:m1911":1,"minecraft:rotten_flesh":4,"minecraft:book":3,"patchouli:guide_book":1,"biomesoplenty:fir_sapling":1,"apocalypsenow:baseball_bat":1,"minecraft:stick":4,"farmersdelight:cutting_board":1,"rocks:cobblestone_splitter":1,"apocalypsenow:construction_chestplate":1,"quark:light_gray_shard":2,"minecraft:shield":2,"biomesoplenty:fir_planks":1,"farmersdelight:onion":2,"ftbquests:book":1,"chalk:blue_chalk":2,"minecraft:gold_ingot":2},"minecraft:mined":{"farmersdelight:honey_glazed_ham_block":1,"minecraft:quartz_block":4,"cfm:oak_hedge":2,"minecraft:stripped_dark_oak_log":2,"minecraft:stone_brick_slab":1,"apocalypsenow:money_block":3,"minecraft:gray_stained_glass_pane":4,"minecraft:crafting_table":3,"minecraft:grass_block":3,"minecraft:gray_stained_glass":1,"biomesoplenty:fir_planks":2,"create:framed_glass":1,"minecraft:spruce_leaves":1,"minecraft:kelp":1,"rocks:rock":1,"minecraft:wall_torch":1,"minecraft:smooth_stone":3,"minecraft:black_stained_glass_pane":2,"minecraft:seagrass":1,"farmersdelight:shepherds_pie_block":2,"rocks:spruce_stick":1,"minecraft:light_gray_stained_glass":7,"quark:spruce_ladder":8,"cfm:stripped_spruce_table":1,"minecraft:lilac":1,"minecraft:spruce_log":5,"biomesoplenty:fir_log":7,"minecraft:grass":1,"minecraft:bookshelf":1,"embellishcraft:smooth_marble":5,"snowrealmagic:stairs":2,"biomesoplenty:fir_leaves":17,"minecraft:dirt":1,"minecraft:smooth_quartz":5,"minecraft:cobweb":1,"minecraft:oak_leaves":1,"create:dark_oak_window_pane":3,"minecraft:iron_trapdoor":1},"minecraft:used":{"apocalypsenow:butterfly_knife":3,"minecraft:wooden_pickaxe":25,"minecraft:iron_sword":20,"biomesoplenty:fir_planks":80,"farmersdelight:melon_juice":2,"minecraft:torch":8,"minecraft:dirt":1,"minecraft:crafting_table":4,"minecraft:campfire":2,"cfm:brown_kitchen_counter":1,"minecraft:dark_oak_planks":8,"apocalypsenow:knife":33,"embellishcraft:smooth_marble":6,"minecraft:stone_brick_slab":1,"minecraft:wooden_axe":7,"minecraft:bread":1,"apocalypsenow:money_block":3,"minecraft:smooth_quartz":5,"minecraft:wooden_sword":34,"minecraft:potion":3,"minecraft:iron_trapdoor":1,"quark:spruce_ladder":1,"embellishcraft:polished_marble":1,"minecraft:smooth_stone":1},"minecraft:broken":{"minecraft:wooden_axe":1,"minecraft:leather_chestplate":1},"minecraft:crafted":{"minecraft:cooked_chicken":3,"minecraft:iron_sword":1,"minecraft:campfire":2,"minecraft:cooked_mutton":3,"minecraft:air":200,"biomesoplenty:fir_planks":4,"minecraft:wooden_axe":2},"minecraft:picked_up":{"tac:round45":1,"minecraft:crafting_table":3,"minecraft:lilac":1,"minecraft:iron_trapdoor":1,"cfm:brown_kitchen_counter":1,"quark:spruce_ladder":2,"biomesoplenty:fir_sapling":4,"biomesoplenty:fir_log":70,"embellishcraft:polished_marble":1,"apocalypsenow:construction_chestplate":1,"minecraft:dirt":4,"farmersdelight:cutting_board":1,"minecraft:string":2,"tac:m1911":1,"farmersdelight:shepherds_pie_block":2,"minecraft:wooden_sword":1,"minecraft:cooked_mutton":2,"farmersdelight:honey_glazed_ham_block":1,"minecraft:bone":8,"minecraft:kelp":1,"apocalypsenow:human_flesh":2,"minecraft:smooth_stone":1,"biomesoplenty:fir_planks":2,"minecraft:smooth_quartz":5,"minecraft:book":3,"quark:light_gray_shard":22,"minecraft:stick":9,"embellishcraft:smooth_marble":6,"minecraft:torch":1,"minecraft:stone_brick_slab":1,"embellishcraft:smooth_marble_stairs":1,"cfm:oak_hedge":2,"chalk:blue_chalk":2,"minecraft:spruce_log":5,"minecraft:quartz_block":13,"minecraft:rotten_flesh":6,"minecraft:stripped_dark_oak_log":2,"rocks:cobblestone_splitter":1,"apocalypsenow:money_block":3},"minecraft:killed_by":{"minecraft:husk":1,"undead_revamp2:the_moonflower":1,"minecraft:zombie":2}},"DataVersion":2975}