{"stats":{"minecraft:killed_by":{"undead_unleashed:shadewraith":1,"scguns:trauma_unit":1},"minecraft:used":{"upgrade_aquatic:river_planks":1,"environmental:cooked_venison":3,"supplementaries:hourglass":1,"minecraft:oak_sign":2,"scguns:riveter":6,"minecraft:snowball":31,"miners_delight:baked_tentacles":35,"quark:deepslate_furnace":2,"minecraft:hay_block":9,"upgrade_aquatic:river_trapdoor":5,"minecraft:gray_bed":1,"minecraft:furnace":8,"minecraft:cooked_cod":6,"forbidden_arcanus:edelwood_bucket":30,"minecraft:stone_pickaxe":122,"minecraft:oak_planks":137,"create:crimsite":3,"minecraft:wooden_pickaxe":6,"culturaldelights:cooked_squid":10,"forbidden_arcanus:edelwood_suspicious_stew_bucket":1,"minecraft:glow_berries":5,"minecraft:bread":12,"supplementaries:clock_block":1,"minecraft:gravel":2,"biomesoplenty:glowing_moss_carpet":1,"minecraft:andesite":3,"minecraft:experience_bottle":1,"minecraft:oak_fence":34,"minecraft:oak_trapdoor":16,"minecraft:stone_shovel":49,"woodworks:oak_chest":13,"minecraft:spruce_planks":59,"upgrade_aquatic:cooked_pike":3,"minecraft:stone_hoe":42,"minecraft:cooked_salmon":1,"minecraft:cooked_chicken":4,"woodworks:spruce_chest":6,"minecraft:torch":127,"minecraft:brewing_stand":1,"minecraft:dirt":61,"upgrade_aquatic:river_door":2,"minecraft:cobblestone_wall":1,"twigs:rhyolite":6,"minecraft:stone_stairs":2,"twigs:petrified_lichen":1,"enigmaticlegacy:common_potion":1,"minecraft:granite":6,"biomesoplenty:maple_sapling":9,"farmersdelight:rope":11,"minecraft:iron_axe":337,"minecraft:cooked_beef":1,"minecraft:cobbled_deepslate":19,"minecraft:golden_axe":14,"minecraft:cooked_mutton":3,"minecraft:cobblestone_stairs":1,"forbidden_arcanus:edelwood_lava_bucket":30,"immersiveengineering:metal_ladder_none":9,"blue_skies:horizonite_sword":185,"minecraft:cauldron":1,"minecraft:fletching_table":2,"minecraft:cobblestone_slab":7,"minecraft:oak_slab":42,"minecraft:crafting_table":12,"supplementaries:bomb":2,"minecraft:campfire":4,"minecraft:spruce_log":1,"minecraft:smoker":1,"minecraft:book":1,"minecraft:oak_log":73,"minecraft:diamond_pickaxe":841,"minecraft:diamond_shovel":869,"minecraft:iron_pickaxe":198,"minecraft:spruce_sapling":2,"minecraft:stone_axe":89,"miners_delight:mushroom_stew_cup":2,"minecraft:fishing_rod":39,"minecraft:cobblestone":77,"sophisticatedstorage:iron_chest":3,"minecraft:cooked_porkchop":1},"minecraft:custom":{"enigmaticlegacy:play_time_with_seven_curses":0,"lootr:looted_stat":9,"minecraft:interact_with_crafting_table":92,"minecraft:open_barrel":2,"goblintraders:trade_with_goblin":23,"minecraft:leave_game":4,"minecraft:time_since_death":98232,"minecraft:sprint_one_cm":561379,"minecraft:drop":138,"minecraft:talked_to_villager":2,"minecraft:play_time":329207,"minecraft:deaths":6,"minecraft:jump":4723,"minecraft:walk_on_water_one_cm":24427,"minecraft:interact_with_furnace":109,"minecraft:sleep_in_bed":3,"minecraft:damage_dealt":14592,"minecraft:crouch_one_cm":37485,"minecraft:horse_one_cm":27322,"minecraft:interact_with_smoker":21,"minecraft:mob_kills":94,"minecraft:interact_with_campfire":25,"minecraft:climb_one_cm":12974,"minecraft:walk_one_cm":864441,"minecraft:sneak_time":9903,"minecraft:walk_under_water_one_cm":16594,"minecraft:total_world_time":329207,"enigmaticlegacy:play_time_without_seven_curses":329000,"minecraft:time_since_rest":27517,"minecraft:damage_taken":4276,"minecraft:swim_one_cm":13255,"minecraft:fly_one_cm":872980,"minecraft:open_chest":241,"minecraft:fish_caught":22,"minecraft:fall_one_cm":120139},"minecraft:crafted":{"minecraft:oak_planks":460,"minecraft:cobblestone_slab":6,"minecraft:oak_sign":3,"minecraft:cooked_chicken":10,"ad_astra:hammer":1,"minecraft:cobblestone_stairs":4,"minecraft:diamond_shovel":1,"minecraft:cooked_mutton":2,"minecraft:iron_boots":1,"minecraft:stone_hoe":1,"minecraft:oak_fence":42,"minecraft:smoker":1,"minecraft:oak_slab":42,"forbidden_arcanus:cooked_tentacle":1,"minecraft:emerald":9,"sophisticatedbackpacks:backpack":1,"minecraft:cooked_porkchop":2,"minecraft:crafting_table":7,"minecraft:spruce_planks":88,"immersiveengineering:metal_ladder_none":9,"minecraft:wooden_pickaxe":1,"minecraft:iron_helmet":1,"minecraft:copper_ingot":84,"minecraft:campfire":5,"minecraft:iron_chestplate":1,"minecraft:diamond_pickaxe":1,"minecraft:stick":164,"minecraft:iron_ingot":109,"minecraft:iron_pickaxe":1,"minecraft:snow_block":40,"minecraft:gold_ingot":11,"scguns:stone_chunk":9,"upgrade_aquatic:river_door":3,"minecraft:stone_shovel":1,"minecraft:fishing_rod":1,"immersiveengineering:stick_iron":24,"minecraft:furnace":6,"blue_skies:horizonite_sword":1,"woodworks:spruce_chest":6,"minecraft:oak_trapdoor":14,"minecraft:stone_pickaxe":1,"upgrade_aquatic:river_trapdoor":4,"minecraft:cobblestone_wall":6,"immersiveengineering:ingot_uranium":3,"minecraft:wheat":144,"sophisticatedbackpacks:iron_backpack":1,"miners_delight:baked_squid":1,"culturaldelights:cooked_squid":10,"miners_delight:baked_tentacles":55,"minecraft:cooked_salmon":2,"upgrade_aquatic:river_planks":24,"sophisticatedbackpacks:gold_backpack":1,"minecraft:stone_axe":1,"minecraft:bread":48,"minecraft:air":0,"woodworks:oak_chest":13,"forbidden_arcanus:arcane_crystal_dust":3,"minecraft:iron_leggings":1,"minecraft:torch":200},"minecraft:mined":{"create:deepslate_zinc_ore":7,"minecraft:spruce_planks":19,"minecraft:brewing_stand":1,"minecraft:granite":120,"minecraft:grass_block":389,"twigs:twig":1,"supplementaries:sconce_wall":1,"minecraft:spawner":1,"immersiveengineering:deepslate_ore_uranium":5,"minecraft:iron_ore":68,"minecraft:fire":2,"immersiveengineering:deepslate_ore_silver":5,"minecraft:fletching_table":1,"minecraft:deepslate_lapis_ore":5,"biomesoplenty:glowshroom_block":3,"minecraft:water_cauldron":1,"immersiveengineering:ore_lead":29,"minecraft:deepslate_redstone_ore":12,"create:cogwheel":1,"biomesoplenty:glowing_moss_carpet":1,"woodworks:spruce_chest":5,"minecraft:torch":38,"minecraft:chest":1,"create:scoria":1,"minecraft:mushroom_stem":6,"minecraft:cobblestone":14,"minecraft:sugar_cane":1,"minecraft:oak_planks":8,"minecraft:wall_torch":4,"minecraft:deepslate_copper_ore":1,"minecraft:stone_stairs":2,"forbidden_arcanus:darkstone":1,"biomesoplenty:glowworm_silk_strand":1,"supplementaries:hourglass":1,"biomesoplenty:maple_leaves":19,"minecraft:grass":37,"minecraft:oak_log":226,"minecraft:dirt":268,"environmental:dirt_path":1,"twigs:rhyolite":3,"minecraft:red_mushroom_block":5,"create:crimsite":3,"minecraft:emerald_block":1,"supplementaries:clock_block":1,"minecraft:deepslate":47,"minecraft:infested_deepslate":1,"biomesoplenty:glowing_moss_block":2,"create:zinc_ore":15,"minecraft:tuff":5,"minecraft:mossy_cobblestone":7,"minecraft:deepslate_diamond_ore":4,"sophisticatedstorage:iron_chest":2,"thinair:signal_torch":3,"create_new_age:thorium_ore":44,"minecraft:brown_mushroom_block":4,"iter_rpg:big_vase":2,"minecraft:hay_block":57,"minecraft:oak_trapdoor":2,"forbidden_arcanus:deepslate_arcane_crystal_ore":5,"minecraft:furnace":3,"iter_rpg:small_vase":1,"minecraft:snow":272,"minecraft:andesite":5,"environmental:dwarf_spruce_plant":1,"farmersdelight:rope":2,"minecraft:deepslate_iron_ore":19,"minecraft:cobblestone_slab":1,"minecraft:vine":1,"minecraft:stone":309,"upgrade_aquatic:river_planks":1,"minecraft:podzol":22,"supplementaries:book_pile_horizontal":3,"minecraft:oak_slab":5,"create_new_age:magnetite_block":9,"quark:spruce_bookshelf":8,"minecraft:crafting_table":5,"iter_rpg:vase":4,"minecraft:stone_slab":1,"twigs:petrified_lichen":1,"woodworks:oak_chest":4,"minecraft:copper_ore":92,"biomesoplenty:sprout":3,"minecraft:lapis_ore":1,"minecraft:deepslate_gold_ore":7,"minecraft:diorite":8,"upgrade_aquatic:river_trapdoor":1,"minecraft:cobblestone_wall":1,"forbidden_arcanus:xpetrified_ore":4,"iter_rpg:abyss_quartz":2,"minecraft:ice":19,"minecraft:gray_bed":1,"minecraft:spruce_log":29,"quark:deepslate_furnace":2,"minecraft:coal_ore":237,"iter_rpg:spider_egg":1,"minecraft:gravel":1,"minecraft:gold_ore":1,"forbidden_arcanus:runic_deepslate":1,"minecraft:fern":25},"minecraft:killed":{"scguns:broken_mining_unit":1,"enemyexpansion:equestrian":1,"minecraft:spider":3,"minecraft:skeleton":3,"pyrologernfriends:outcast":1,"minecraft:chicken":4,"scguns:gun_railway_bandit":1,"pyrologernfriends:rancher":4,"scguns:sky_carrier":1,"minecraft:pig":1,"minecraft:zombie_villager":1,"minecraft:salmon":2,"iter_rpg:spiderling":3,"irons_spellbooks:necromancer":1,"scguns:adjudicator":2,"minecraft:sheep":6,"minecraft:pillager":2,"minecraft:zombie":10,"enemyexpansion:botfly":5,"undead_unleashed:haunter":1,"minecraft:glow_squid":7,"minecraft:cow":3,"scguns:wool_man":4,"irons_spellbooks:summoned_zombie":1,"scguns:cog_minion":1,"enemyexpansion:direwolf":3,"alexsmobs:bison":2,"scguns:club_railway_bandit":1,"enemyexpansion:goblin":3,"environmental:reindeer":3,"minecraft:squid":5,"enemyexpansion:crawler":1,"alexsmobs:catfish":2,"pyrologernfriends:rusher":1,"scguns:training_dummy":1},"minecraft:dropped":{"minecraft:oak_log":8,"minecraft:glass_bottle":2,"minecraft:crafting_table":1,"create:cogwheel":4,"minecraft:leather":7,"minecraft:saddle":1,"farmersdelight:rice":4,"minecraft:red_mushroom":1,"minecraft:flint":6,"pyrologernfriends:boomstick":1,"minecraft:dirt":31,"minecraft:cooked_cod":4,"pyrologernfriends:iron_dagger":2,"minecraft:iron_pickaxe":1,"minecraft:fishing_rod":1,"ftbquests:book":1,"twigs:twig":7,"minecraft:cauldron":1,"minecraft:bone":5,"minecraft:stone_axe":2,"minecraft:sugar_cane":3,"minecraft:iron_nugget":20,"minecraft:rotten_flesh":7,"minecraft:oak_planks":37,"minecraft:stone_stairs":2,"biomesoplenty:glowing_moss_block":2,"biomesoplenty:glowing_moss_carpet":1,"scguns:riveter":1,"miners_delight:baked_squid":1,"supplementaries:ash":2,"minecraft:charcoal":2,"minecraft:leather_boots":1,"iter_rpg:spider_silk":1,"minecraft:campfire":1,"enigmaticlegacy:enigmatic_amulet":1,"minecraft:iron_ingot":4,"minecraft:wheat_seeds":37,"minecraft:golden_helmet":1,"minecraft:lilac":3,"minecraft:golden_horse_armor":2,"upgrade_aquatic:mulberry":2,"enigmaticlegacy:the_acknowledgment":2,"create:brass_nugget":1,"biomesoplenty:maple_sapling":8,"minecraft:golden_axe":3,"minecraft:cobblestone":63,"thinair:respirator":1,"minecraft:copper_ingot":12,"pyrologernfriends:dynamite":2,"minecraft:stick":18,"irons_spellbooks:scroll":1,"minecraft:diamond_horse_armor":1,"miners_delight:mushroom_stew_cup":2,"minecraft:cooked_salmon":4,"forbidden_arcanus:spawner_scrap":1,"minecraft:mud":1,"minecraft:chainmail_leggings":1,"minecraft:lily_pad":1,"cold_sweat:thermometer":2,"minecraft:spruce_sapling":2,"iter_rpg:potsherd":2,"minecraft:tuff":4,"farmersdelight:cabbage_seeds":3,"minecraft:stone_shovel":1,"minecraft:stone_slab":1,"minecraft:oak_sign":1,"minecraft:shears":1,"supplementaries:sconce":1,"miners_delight:baked_tentacles":2,"upgrade_aquatic:river_sapling":4,"upgrade_aquatic:river_log":13,"minecraft:hay_block":1,"minecraft:spruce_planks":136,"upgrade_aquatic:river_trapdoor":1,"minecraft:spider_eye":4,"forbidden_arcanus:cooked_tentacle":1,"minecraft:spruce_log":6,"minecraft:stone_pickaxe":3,"minecraft:wooden_pickaxe":2},"minecraft:picked_up":{"irons_spellbooks:scroll":1,"minecraft:iron_chestplate":2,"minecraft:wheat":9,"undead_unleashed:cursed_cloth":1,"minecraft:stone_slab":1,"blue_skies:horizonite_sword":2,"minecraft:brewing_stand":1,"enigmaticlegacy:enigmatic_eye":2,"upgrade_aquatic:river_trapdoor":3,"forbidden_arcanus:xpetrified_orb":4,"minecraft:string":43,"minecraft:raw_copper":532,"spirit:broken_spawner":2,"minecraft:cooked_salmon":3,"minecraft:iron_leggings":2,"upgrade_aquatic:river_sapling":6,"minecraft:experience_bottle":1,"minecraft:pufferfish":5,"woodworks:oak_chest":4,"minecraft:oak_sign":1,"immersiveengineering:raw_lead":53,"irons_spellbooks:arcane_essence":1,"upgrade_aquatic:river_log":14,"supplementaries:hourglass":2,"minecraft:cobbled_deepslate":55,"twigs:pebble":2,"minecraft:spruce_planks":127,"minecraft:cobblestone_slab":1,"pyrologernfriends:iron_dagger":1,"upgrade_aquatic:river_planks":13,"minecraft:iron_pickaxe":2,"upgrade_aquatic:mulberry":1,"farmersdelight:cabbage_seeds":3,"minecraft:iron_boots":2,"minecraft:furnace":3,"minecraft:stick":25,"forbidden_arcanus:edelwood_lava_bucket":2,"miners_delight:tentacles":71,"forbidden_arcanus:tentacle":4,"minecraft:torch":79,"minecraft:porkchop":2,"minecraft:golden_axe":2,"minecraft:diorite":8,"minecraft:cauldron":2,"minecraft:rotten_flesh":10,"upgrade_aquatic:cooked_pike":3,"pyrologernfriends:dynamite":1,"scguns:riveter":4,"environmental:cooked_venison":6,"farmersdelight:rope":2,"supplementaries:ash":2,"minecraft:snowball":413,"minecraft:cod":11,"minecraft:cobblestone":745,"minecraft:cooked_beef":7,"upgrade_aquatic:purple_pickerelweed":1,"minecraft:feather":6,"minecraft:lilac":8,"farmersdelight:rice":2,"miners_delight:mushroom_stew_cup":4,"minecraft:andesite":6,"minecraft:potato":32,"enigmaticlegacy:the_acknowledgment":5,"minecraft:tuff":7,"create:raw_zinc":22,"minecraft:lapis_lazuli":89,"minecraft:dirt":764,"miners_delight:baked_tentacles":4,"culturaldelights:glow_squid":6,"minecraft:bone":8,"minecraft:wheat_seeds":103,"minecraft:raw_gold":8,"create_new_age:magnetite_block":9,"ftbquests:book":1,"forbidden_arcanus:rune":1,"create:shaft":2,"minecraft:fletching_table":2,"twigs:twig":46,"minecraft:oak_planks":115,"miners_delight:squid":1,"immersiveengineering:raw_uranium":9,"create:cogwheel":9,"iter_rpg:spider_silk":1,"forbidden_arcanus:edelwood_suspicious_stew_bucket":2,"scguns:basic_mechanism":1,"minecraft:mossy_cobblestone":7,"create:crimsite":3,"scguns:basic_bullet_pouch":2,"minecraft:diamond":4,"iter_rpg:abyssquartz_shard":9,"minecraft:granite":149,"minecraft:spruce_sign":2,"scguns:shell_pouch":1,"minecraft:golden_horse_armor":1,"minecraft:emerald":8,"twigs:rhyolite":6,"minecraft:charcoal":64,"sophisticatedbackpacks:gold_backpack":2,"minecraft:diamond_pickaxe":2,"minecraft:fishing_rod":1,"minecraft:mud":1,"minecraft:crafting_table":5,"create_new_age:thorium":279,"twigs:petrified_lichen":1,"minecraft:chicken":4,"minecraft:brown_mushroom":2,"minecraft:wooden_pickaxe":1,"minecraft:diamond_horse_armor":1,"woodworks:spruce_chest":5,"minecraft:shield":3,"alexsmobs:cooked_catfish":2,"minecraft:stone_stairs":4,"minecraft:oak_trapdoor":2,"minecraft:iron_axe":4,"cold_sweat:thermometer":6,"improvableskills:scroll_normal":1,"scguns:rivet":11,"minecraft:iron_nugget":28,"minecraft:poppy":1,"minecraft:light_gray_wool":1,"minecraft:sugar_cane":3,"minecraft:chest":1,"sophisticatedstorage:iron_chest":2,"minecraft:egg":2,"minecraft:raw_iron":89,"minecraft:copper_ingot":1,"upgrade_aquatic:pike":3,"scguns:brass_slag":5,"quark:deepslate_furnace":2,"minecraft:carrot":8,"minecraft:redstone":66,"minecraft:stone_shovel":1,"minecraft:arrow":2,"minecraft:cooked_cod":10,"supplementaries:sconce":1,"upgrade_aquatic:driftwood_log":5,"minecraft:shears":2,"minecraft:hay_block":123,"culturaldelights:squid":4,"minecraft:gold_ingot":7,"upgrade_aquatic:river_door":2,"minecraft:mutton":4,"forbidden_arcanus:spawner_scrap":2,"minecraft:white_wool":4,"minecraft:salmon":5,"minecraft:leather":15,"minecraft:red_mushroom":10,"minecraft:oak_log":273,"minecraft:lily_pad":1,"minecraft:cobblestone_wall":1,"minecraft:gunpowder":7,"quark:forgotten_hat":2,"biomesoplenty:glowing_moss_carpet":4,"minecraft:cooked_mutton":4,"scguns:pure_gunpowder_dust":1,"minecraft:apple":4,"biomesoplenty:glowworm_silk":2,"iter_rpg:potsherd":5,"minecraft:iron_ingot":51,"minecraft:stone_pickaxe":6,"minecraft:cooked_chicken":6,"minecraft:glass_bottle":1,"minecraft:gray_bed":1,"minecraft:book":65,"minecraft:oak_slab":5,"minecraft:emerald_block":1,"create:brass_nugget":2,"minecraft:gravel":20,"minecraft:amethyst_shard":2,"undead_unleashed:grave_metal_scrap":3,"minecraft:spruce_sapling":6,"minecraft:spruce_log":62,"biomesoplenty:glowing_moss_block":6,"minecraft:spider_eye":4,"supplementaries:clock_block":2,"minecraft:pumpkin_seeds":1,"forbidden_arcanus:arcane_crystal":5,"biomesoplenty:maple_sapling":27,"immersiveengineering:seed":5,"minecraft:stone_axe":4,"minecraft:iron_helmet":2,"thinair:respirator":3,"create:rose_quartz":4,"minecraft:coal":286,"immersiveengineering:raw_silver":4},"minecraft:broken":{"minecraft:iron_axe":1}},"DataVersion":3120}