{"stats":{"minecraft:killed_by":{"undead_revamp2:thesmoker":1},"minecraft:dropped":{"minecraft:rotten_flesh":3,"alexsmobs:cockroach_wing_fragment":1},"minecraft:mined":{"minecraft:crafting_table":1,"minecraft:glow_lichen":1,"minecraft:torch":1,"minecraft:granite":28,"minecraft:grass_block":2,"minecraft:poppy":5,"minecraft:copper_ore":39,"minecraft:spruce_leaves":2,"minecraft:diorite":13,"minecraft:wall_torch":1,"minecraft:iron_ore":21,"minecraft:spruce_log":5,"minecraft:andesite":12,"minecraft:coal_ore":52,"minecraft:gravel":19,"minecraft:sand":41,"minecraft:dirt":22,"minecraft:stone":329,"minecraft:deepslate":25,"minecraft:oak_leaves":6},"minecraft:broken":{"minecraft:stone_pickaxe":2,"minecraft:iron_pickaxe":1,"minecraft:wooden_pickaxe":1},"minecraft:used":{"minecraft:stone_pickaxe":262,"minecraft:spruce_planks":45,"minecraft:wooden_pickaxe":49,"minecraft:wooden_shovel":30,"minecraft:torch":9,"minecraft:sand":2,"minecraft:crafting_table":4,"minecraft:wooden_axe":7,"minecraft:iron_pickaxe":251,"minecraft:wooden_sword":44,"minecraft:cobblestone":34,"minecraft:potion":4,"minecraft:furnace":2,"minecraft:andesite":2},"minecraft:crafted":{"minecraft:crafting_table":1,"minecraft:copper_ingot":55,"firstaid:plaster":1,"minecraft:air":94,"minecraft:stick":8,"minecraft:iron_ingot":4,"minecraft:iron_pickaxe":1,"minecraft:stone_pickaxe":1},"minecraft:killed":{"minecraft:husk":3,"minecraft:pig":2,"minecraft:sheep":3,"minecraft:zombie":3,"minecraft:chicken":5,"zombie_extreme:runner":1,"minecraft:cow":3},"minecraft:custom":{"minecraft:interact_with_furnace":19,"minecraft:mob_kills":20,"minecraft:interact_with_crafting_table":11,"minecraft:leave_game":1,"minecraft:time_since_death":22994,"minecraft:time_since_rest":23079,"minecraft:sprint_one_cm":69875,"minecraft:damage_taken":531,"minecraft:walk_one_cm":180855,"minecraft:drop":2,"minecraft:damage_dealt":1703,"minecraft:swim_one_cm":1539,"minecraft:fly_one_cm":33266,"minecraft:crouch_one_cm":7236,"minecraft:play_time":50997,"minecraft:deaths":1,"minecraft:sneak_time":2666,"minecraft:walk_under_water_one_cm":971,"minecraft:jump":394,"minecraft:walk_on_water_one_cm":800,"minecraft:total_world_time":50997,"minecraft:fall_one_cm":3652},"minecraft:picked_up":{"minecraft:crafting_table":1,"minecraft:feather":8,"minecraft:chicken":4,"minecraft:andesite":12,"minecraft:flint":3,"minecraft:dirt":23,"minecraft:raw_copper":147,"minecraft:bone":4,"minecraft:cobbled_deepslate":24,"alexsmobs:cockroach_wing_fragment":2,"minecraft:poppy":5,"minecraft:light_gray_wool":1,"minecraft:egg":2,"minecraft:stick":3,"minecraft:raw_iron":21,"minecraft:torch":2,"minecraft:gravel":16,"minecraft:sand":41,"minecraft:porkchop":2,"minecraft:spruce_sapling":5,"minecraft:diorite":12,"minecraft:spruce_log":21,"minecraft:rotten_flesh":6,"minecraft:granite":28,"minecraft:coal":49,"minecraft:mutton":4,"minecraft:white_wool":2,"minecraft:cobblestone":330}},"DataVersion":2975}