{"stats":{"minecraft:killed_by":{"undead_revamp2:thesmoker":1,"zombie_extreme:infected_police":1},"minecraft:dropped":{"minecraft:rotten_flesh":3,"alexsmobs:cockroach_wing_fragment":1},"minecraft:mined":{"minecraft:deepslate_redstone_ore":2,"minecraft:crafting_table":1,"minecraft:glow_lichen":1,"minecraft:torch":3,"minecraft:granite":28,"minecraft:grass_block":7,"minecraft:poppy":5,"minecraft:copper_ore":39,"minecraft:cobblestone":24,"minecraft:spruce_leaves":2,"minecraft:diorite":17,"minecraft:wall_torch":3,"minecraft:spawner":1,"minecraft:redstone_ore":4,"minecraft:iron_ore":27,"minecraft:spruce_log":5,"minecraft:andesite":12,"minecraft:coal_ore":52,"minecraft:cobblestone_slab":3,"minecraft:deepslate_iron_ore":1,"minecraft:gravel":19,"minecraft:sand":41,"minecraft:dirt":41,"minecraft:stone":332,"minecraft:deepslate":34,"minecraft:oak_leaves":7},"minecraft:broken":{"minecraft:stone_pickaxe":2,"minecraft:wooden_sword":1,"minecraft:iron_pickaxe":1,"minecraft:wooden_pickaxe":1},"minecraft:used":{"minecraft:cooked_mutton":2,"minecraft:glass_bottle":19,"minecraft:stone_pickaxe":262,"minecraft:chest":1,"minecraft:spruce_planks":45,"minecraft:wooden_pickaxe":49,"minecraft:iron_sword":78,"minecraft:cobblestone_slab":4,"minecraft:wooden_shovel":42,"minecraft:torch":14,"minecraft:dirt":22,"minecraft:sand":2,"minecraft:crafting_table":5,"minecraft:wooden_axe":7,"minecraft:bread":3,"minecraft:iron_pickaxe":323,"minecraft:fishing_rod":12,"minecraft:wooden_sword":55,"minecraft:cobblestone":147,"minecraft:potion":13,"minecraft:furnace":3,"minecraft:cooked_cod":1,"minecraft:andesite":2},"minecraft:killed":{"zombie_extreme:crawler":1,"minecraft:husk":7,"minecraft:pig":2,"zombiemobs:zombie_chicken":1,"undead_revamp2:thesmoker":4,"minecraft:sheep":3,"minecraft:zombie":14,"minecraft:chicken":5,"zombie_extreme:infected_police":2,"alexsmobs:fly":4,"zombie_extreme:runner":8,"minecraft:cow":3},"minecraft:crafted":{"minecraft:cooked_cod":4,"minecraft:cobblestone_slab":6,"minecraft:crafting_table":2,"minecraft:cooked_chicken":4,"minecraft:iron_sword":1,"minecraft:furnace":1,"minecraft:copper_ingot":55,"firstaid:plaster":1,"minecraft:cooked_mutton":4,"minecraft:air":101,"minecraft:potion":13,"minecraft:white_wool":2,"minecraft:stick":12,"apocalypsenow:cooked_human_flesh":2,"minecraft:iron_ingot":28,"minecraft:iron_pickaxe":1,"minecraft:stone_pickaxe":1,"minecraft:chest":1},"minecraft:custom":{"lootr:looted_stat":1,"minecraft:interact_with_furnace":64,"minecraft:mob_kills":54,"minecraft:interact_with_crafting_table":35,"minecraft:leave_game":1,"minecraft:time_since_death":14353,"minecraft:time_since_rest":15210,"minecraft:sprint_one_cm":165799,"minecraft:damage_taken":1043,"minecraft:walk_one_cm":384807,"minecraft:fridge_opened":1,"minecraft:drop":2,"minecraft:damage_dealt":5105,"minecraft:swim_one_cm":13609,"minecraft:freezer_opened":2,"minecraft:fly_one_cm":89795,"minecraft:open_chest":16,"minecraft:crouch_one_cm":29261,"minecraft:play_time":122997,"minecraft:deaths":3,"minecraft:sneak_time":8477,"minecraft:walk_under_water_one_cm":2923,"minecraft:jump":860,"minecraft:walk_on_water_one_cm":3405,"minecraft:total_world_time":122997,"minecraft:fish_caught":6,"minecraft:fall_one_cm":10343},"minecraft:picked_up":{"minecraft:crafting_table":1,"minecraft:feather":9,"minecraft:chicken":4,"minecraft:tripwire_hook":1,"minecraft:andesite":12,"minecraft:leather":1,"minecraft:flint":3,"apocalypsenow:construction_chestplate":1,"minecraft:string":28,"minecraft:dirt":46,"minecraft:raw_copper":147,"minecraft:pufferfish":1,"minecraft:bone":22,"apocalypsenow:human_flesh":2,"minecraft:cobbled_deepslate":34,"alexsmobs:cockroach_wing_fragment":2,"minecraft:cobblestone_slab":3,"minecraft:poppy":5,"minecraft:light_gray_wool":1,"tac:9mm_round":1,"minecraft:egg":2,"minecraft:stick":3,"minecraft:raw_iron":28,"minecraft:bowl":3,"minecraft:torch":6,"minecraft:gravel":16,"minecraft:sand":41,"minecraft:porkchop":2,"minecraft:spruce_sapling":5,"minecraft:ink_sac":1,"minecraft:diorite":17,"minecraft:spruce_log":21,"minecraft:redstone":29,"minecraft:rotten_flesh":24,"minecraft:tropical_fish":1,"minecraft:granite":28,"apocalypsenow:construction_helmet":1,"alexsmobs:maggot":6,"minecraft:cod":4,"minecraft:coal":49,"minecraft:mutton":4,"minecraft:white_wool":2,"minecraft:cobblestone":354}},"DataVersion":2975}