{"stats":{"minecraft:killed_by":{"scguns:gun_railway_bandit":1,"scguns:wool_man":2,"enemyexpansion:meature":1,"enemyexpansion:huntsman":1,"minecraft:skeleton":2,"scguns:cog_minion":1,"scguns:adjudicator":1},"minecraft:used":{"minecraft:oak_trapdoor":15,"minecraft:stone_shovel":356,"woodworks:oak_chest":2,"minecraft:iron_sword":45,"upgrade_aquatic:cooked_pike":1,"minecraft:wooden_shovel":60,"minecraft:cooked_salmon":4,"minecraft:torch":22,"minecraft:dirt":81,"miners_delight:copper_cup":17,"create:cogwheel":2,"miners_delight:water_cup":14,"minecraft:snowball":9,"miners_delight:baked_tentacles":1,"farmersdelight:rope":2,"minecraft:wooden_axe":61,"minecraft:stone_brick_stairs":13,"minecraft:stone_bricks":165,"minecraft:cooked_cod":7,"forbidden_arcanus:edelwood_bucket":2,"miners_delight:copper_pot":1,"minecraft:stone_pickaxe":131,"minecraft:oak_planks":50,"minecraft:wooden_pickaxe":32,"minecraft:brown_mushroom":1,"forbidden_arcanus:edelwood_water_bucket":24,"minecraft:crafting_table":1,"culturaldelights:eggplant":1,"minecraft:spruce_log":8,"upgrade_aquatic:glass_trapdoor":1,"minecraft:apple":6,"upgrade_aquatic:boiled_blue_pickerelweed":1,"minecraft:bread":4,"minecraft:iron_pickaxe":224,"minecraft:pufferfish":1,"minecraft:golden_helmet":1,"miners_delight:baked_squid":1,"miners_delight:mushroom_stew_cup":2,"minecraft:stone_axe":159,"minecraft:fishing_rod":50,"minecraft:wooden_sword":70,"minecraft:cooked_porkchop":7,"minecraft:glass_pane":28,"twigs:pebble":1},"minecraft:custom":{"enigmaticlegacy:play_time_with_seven_curses":230675,"minecraft:mob_kills":11,"minecraft:interact_with_crafting_table":58,"minecraft:interact_with_campfire":26,"minecraft:leave_game":2,"minecraft:time_since_death":466,"minecraft:climb_one_cm":3132,"minecraft:sprint_one_cm":355509,"minecraft:walk_one_cm":564712,"minecraft:drop":21,"minecraft:talked_to_villager":2,"minecraft:play_time":242477,"minecraft:deaths":15,"minecraft:sneak_time":4852,"minecraft:walk_under_water_one_cm":6027,"minecraft:jump":1668,"minecraft:walk_on_water_one_cm":27218,"minecraft:total_world_time":242477,"minecraft:interact_with_furnace":42,"enigmaticlegacy:play_time_without_seven_curses":9142,"minecraft:sleep_in_bed":1,"minecraft:time_since_rest":803,"minecraft:damage_taken":4832,"minecraft:damage_dealt":2409,"minecraft:swim_one_cm":20436,"minecraft:fly_one_cm":318943,"minecraft:open_chest":91,"minecraft:crouch_one_cm":11605,"minecraft:fish_caught":24,"minecraft:fall_one_cm":37556,"minecraft:horse_one_cm":1354},"minecraft:mined":{"minecraft:cobblestone_stairs":1,"thinair:signal_torch":1,"minecraft:grass_block":222,"twigs:twig":2,"atmospheric:agave":1,"minecraft:spruce_leaves":1,"minecraft:tall_seagrass":2,"minecraft:oak_trapdoor":15,"minecraft:cobbled_deepslate":4,"minecraft:snow":23,"biomesoplenty:violet":2,"farmersdelight:rope":2,"minecraft:vine":1,"minecraft:stone":323,"upgrade_aquatic:glass_trapdoor":1,"twigs:opaline_seashell":1,"minecraft:podzol":12,"create:cogwheel":1,"twigs:pebble":2,"minecraft:brown_mushroom":11,"minecraft:glass_pane":2,"create_new_age:magnetite_block":4,"minecraft:crafting_table":1,"minecraft:torch":7,"environmental:cattail":2,"minecraft:copper_ore":4,"minecraft:sugar_cane":9,"minecraft:oak_planks":26,"minecraft:wall_torch":2,"minecraft:seagrass":5,"twigs:tangerine_seashell":1,"minecraft:lilac":5,"minecraft:spruce_log":13,"biomesoplenty:maple_leaves":50,"minecraft:grass":14,"minecraft:coal_ore":45,"minecraft:oak_log":98,"minecraft:sand":71,"minecraft:dirt":93,"minecraft:stone_bricks":3,"atmospheric:golden_growths":2,"minecraft:fern":12},"minecraft:crafted":{"minecraft:wooden_sword":1,"minecraft:oak_planks":272,"minecraft:stone_shovel":3,"minecraft:fishing_rod":1,"minecraft:stone":195,"minecraft:glass_pane":48,"minecraft:oak_trapdoor":10,"minecraft:glass":24,"minecraft:iron_boots":1,"minecraft:stone_pickaxe":1,"minecraft:oak_button":1,"minecraft:stone_bricks":192,"minecraft:oak_fence":3,"upgrade_aquatic:glass_trapdoor":1,"minecraft:wooden_shovel":2,"minecraft:cooked_porkchop":7,"minecraft:crafting_table":1,"minecraft:wooden_pickaxe":1,"minecraft:iron_sword":1,"miners_delight:copper_pot":1,"minecraft:stone_axe":2,"minecraft:air":0,"woodworks:oak_chest":2,"minecraft:stone_brick_stairs":20,"minecraft:iron_chestplate":1,"minecraft:stick":40,"minecraft:iron_pickaxe":1,"minecraft:wooden_axe":1,"minecraft:iron_leggings":1,"minecraft:torch":44},"minecraft:killed":{"scguns:cog_minion":1,"minecraft:phantom":1,"scguns:girl_railway_bandit":1,"minecraft:wolf":1,"minecraft:creeper":1,"minecraft:zombie":3,"alexsmobs:terrapin":1,"minecraft:enderman":1},"minecraft:dropped":{"minecraft:crafting_table":2,"minecraft:coal":17,"biomesoplenty:violet":15,"twigs:pebble":1,"cold_sweat:thermometer":1,"twigs:opaline_seashell":1,"minecraft:moss_carpet":1,"minecraft:oak_trapdoor":3,"minecraft:rotten_flesh":1,"twigs:tangerine_seashell":1,"minecraft:stone":1},"minecraft:picked_up":{"scguns:bandit_machete":2,"minecraft:fishing_rod":2,"minecraft:iron_chestplate":1,"minecraft:crafting_table":4,"cgm:basic_bullet":1,"minecraft:brown_mushroom":16,"biomesoplenty:violet":15,"minecraft:stone_brick_stairs":3,"minecraft:shield":2,"minecraft:oak_trapdoor":16,"minecraft:moss_carpet":1,"minecraft:raw_copper":14,"minecraft:cooked_salmon":4,"miners_delight:glow_squid":1,"minecraft:pufferfish":1,"cold_sweat:thermometer":3,"twigs:opaline_seashell":1,"minecraft:oak_sign":2,"minecraft:spruce_planks":14,"minecraft:cobbled_deepslate":5,"improvableskills:scroll_normal":3,"twigs:pebble":4,"minecraft:sugar_cane":31,"minecraft:iron_boots":1,"minecraft:golden_helmet":2,"minecraft:stick":4,"upgrade_aquatic:pike":1,"minecraft:torch":39,"minecraft:bowl":1,"minecraft:stone_shovel":1,"minecraft:rotten_flesh":1,"minecraft:cooked_cod":9,"upgrade_aquatic:cooked_pike":1,"farmersdelight:rope":3,"upgrade_aquatic:boiled_blue_pickerelweed":1,"twigs:tangerine_seashell":1,"minecraft:cod":12,"minecraft:snowball":31,"minecraft:cobblestone":387,"upgrade_aquatic:purple_pickerelweed":1,"minecraft:lilac":5,"minecraft:salmon":10,"culturaldelights:eggplant":1,"minecraft:oak_log":99,"supplementaries:flax_seeds":11,"minecraft:gunpowder":9,"miners_delight:baked_squid":1,"minecraft:cobblestone_stairs":1,"upgrade_aquatic:blue_pickerelweed":1,"minecraft:dirt":366,"miners_delight:baked_tentacles":2,"minecraft:bone":2,"minecraft:apple":6,"minecraft:stone_bricks":3,"miners_delight:water_cup":2,"minecraft:wheat_seeds":18,"create_new_age:magnetite_block":4,"minecraft:iron_ingot":13,"twigs:twig":35,"minecraft:oak_planks":134,"enemyexpansion:phantom_eye":1,"create:cogwheel":5,"minecraft:dandelion":1,"minecraft:sand":110,"undead_unleashed:grave_metal_scrap":2,"minecraft:spruce_sapling":2,"minecraft:ink_sac":10,"minecraft:grass_block":1,"minecraft:spruce_log":12,"forbidden_arcanus:ender_pearl_fragment":2,"biomesoplenty:maple_sapling":50,"minecraft:slime_ball":3,"immersiveengineering:seed":3,"minecraft:stone_axe":1,"thinair:respirator":1,"minecraft:emerald":6,"minecraft:bread":4,"minecraft:coal":92},"minecraft:broken":{"minecraft:wooden_shovel":1,"minecraft:stone_pickaxe":1,"minecraft:wooden_sword":1,"minecraft:stone_axe":1,"minecraft:wooden_axe":1,"minecraft:stone_shovel":2}},"DataVersion":3120}