{"stats":{"minecraft:killed_by":{"scguns:wool_man":2,"enemyexpansion:meature":1,"enemyexpansion:huntsman":1,"minecraft:skeleton":2,"scguns:cog_minion":1,"scguns:adjudicator":1},"minecraft:used":{"minecraft:oak_trapdoor":15,"minecraft:stone_shovel":356,"woodworks:oak_chest":1,"minecraft:iron_sword":22,"upgrade_aquatic:cooked_pike":1,"minecraft:wooden_shovel":60,"minecraft:cooked_salmon":4,"minecraft:torch":20,"minecraft:dirt":81,"miners_delight:copper_cup":17,"create:cogwheel":2,"miners_delight:water_cup":14,"minecraft:snowball":9,"miners_delight:baked_tentacles":1,"farmersdelight:rope":2,"minecraft:wooden_axe":61,"minecraft:stone_brick_stairs":13,"minecraft:stone_bricks":143,"minecraft:cooked_cod":5,"forbidden_arcanus:edelwood_bucket":2,"miners_delight:copper_pot":1,"minecraft:stone_pickaxe":131,"minecraft:oak_planks":50,"minecraft:wooden_pickaxe":32,"forbidden_arcanus:edelwood_water_bucket":24,"minecraft:crafting_table":1,"culturaldelights:eggplant":1,"minecraft:spruce_log":8,"minecraft:apple":6,"upgrade_aquatic:boiled_blue_pickerelweed":1,"minecraft:bread":4,"minecraft:iron_pickaxe":105,"minecraft:pufferfish":1,"minecraft:golden_helmet":1,"miners_delight:baked_squid":1,"miners_delight:mushroom_stew_cup":2,"minecraft:stone_axe":155,"minecraft:fishing_rod":38,"minecraft:wooden_sword":70,"minecraft:cooked_porkchop":2,"twigs:pebble":1},"minecraft:custom":{"enigmaticlegacy:play_time_with_seven_curses":201012,"minecraft:mob_kills":9,"minecraft:interact_with_crafting_table":49,"minecraft:interact_with_campfire":18,"minecraft:leave_game":2,"minecraft:time_since_death":147966,"minecraft:climb_one_cm":2790,"minecraft:sprint_one_cm":275315,"minecraft:walk_one_cm":475355,"minecraft:drop":18,"minecraft:talked_to_villager":2,"minecraft:play_time":212477,"minecraft:deaths":14,"minecraft:sneak_time":4642,"minecraft:walk_under_water_one_cm":3473,"minecraft:jump":1365,"minecraft:walk_on_water_one_cm":18282,"minecraft:total_world_time":212477,"minecraft:interact_with_furnace":30,"enigmaticlegacy:play_time_without_seven_curses":9142,"minecraft:sleep_in_bed":1,"minecraft:time_since_rest":13690,"minecraft:damage_taken":4111,"minecraft:damage_dealt":2047,"minecraft:swim_one_cm":6065,"minecraft:fly_one_cm":248235,"minecraft:open_chest":76,"minecraft:crouch_one_cm":11510,"minecraft:fish_caught":20,"minecraft:fall_one_cm":30959},"minecraft:mined":{"minecraft:cobblestone_stairs":1,"thinair:signal_torch":1,"minecraft:grass_block":222,"twigs:twig":2,"atmospheric:agave":1,"minecraft:spruce_leaves":1,"minecraft:tall_seagrass":1,"minecraft:oak_trapdoor":11,"minecraft:cobbled_deepslate":3,"minecraft:snow":23,"biomesoplenty:violet":2,"farmersdelight:rope":2,"minecraft:vine":1,"minecraft:stone":205,"twigs:opaline_seashell":1,"minecraft:podzol":12,"create:cogwheel":1,"twigs:pebble":2,"create_new_age:magnetite_block":4,"minecraft:crafting_table":1,"minecraft:torch":7,"environmental:cattail":2,"minecraft:copper_ore":4,"minecraft:sugar_cane":3,"minecraft:oak_planks":26,"minecraft:wall_torch":2,"minecraft:seagrass":5,"twigs:tangerine_seashell":1,"minecraft:lilac":5,"minecraft:spruce_log":13,"biomesoplenty:maple_leaves":50,"minecraft:grass":14,"minecraft:coal_ore":45,"minecraft:oak_log":98,"minecraft:sand":71,"minecraft:dirt":93,"minecraft:stone_bricks":3,"atmospheric:golden_growths":2,"minecraft:fern":11},"minecraft:crafted":{"minecraft:wooden_sword":1,"minecraft:oak_planks":272,"minecraft:stone_shovel":3,"minecraft:fishing_rod":1,"minecraft:stone":167,"minecraft:oak_trapdoor":10,"minecraft:iron_boots":1,"minecraft:stone_pickaxe":1,"minecraft:oak_button":1,"minecraft:stone_bricks":164,"minecraft:oak_fence":3,"minecraft:wooden_shovel":2,"minecraft:cooked_porkchop":7,"minecraft:crafting_table":1,"minecraft:wooden_pickaxe":1,"minecraft:iron_sword":1,"miners_delight:copper_pot":1,"minecraft:stone_axe":2,"minecraft:air":0,"woodworks:oak_chest":1,"minecraft:stone_brick_stairs":16,"minecraft:iron_chestplate":1,"minecraft:stick":40,"minecraft:iron_pickaxe":1,"minecraft:wooden_axe":1,"minecraft:iron_leggings":1,"minecraft:torch":12},"minecraft:killed":{"scguns:cog_minion":1,"minecraft:phantom":1,"minecraft:wolf":1,"minecraft:zombie":3,"alexsmobs:terrapin":1,"minecraft:enderman":1},"minecraft:dropped":{"minecraft:crafting_table":2,"biomesoplenty:violet":15,"twigs:pebble":1,"cold_sweat:thermometer":1,"twigs:opaline_seashell":1,"minecraft:moss_carpet":1,"minecraft:rotten_flesh":1,"twigs:tangerine_seashell":1},"minecraft:picked_up":{"minecraft:fishing_rod":1,"minecraft:crafting_table":4,"biomesoplenty:violet":15,"minecraft:shield":1,"minecraft:oak_trapdoor":11,"minecraft:moss_carpet":1,"minecraft:raw_copper":14,"minecraft:cooked_salmon":4,"miners_delight:glow_squid":1,"minecraft:pufferfish":1,"cold_sweat:thermometer":2,"twigs:opaline_seashell":1,"minecraft:oak_sign":2,"minecraft:spruce_planks":7,"minecraft:cobbled_deepslate":3,"improvableskills:scroll_normal":3,"twigs:pebble":3,"minecraft:sugar_cane":5,"minecraft:golden_helmet":1,"minecraft:stick":4,"upgrade_aquatic:pike":1,"minecraft:torch":9,"minecraft:rotten_flesh":1,"minecraft:cooked_cod":6,"upgrade_aquatic:cooked_pike":1,"farmersdelight:rope":3,"upgrade_aquatic:boiled_blue_pickerelweed":1,"twigs:tangerine_seashell":1,"minecraft:cod":10,"minecraft:snowball":31,"minecraft:cobblestone":205,"upgrade_aquatic:purple_pickerelweed":1,"minecraft:lilac":5,"minecraft:salmon":8,"culturaldelights:eggplant":1,"minecraft:oak_log":97,"supplementaries:flax_seeds":11,"miners_delight:baked_squid":1,"minecraft:cobblestone_stairs":1,"upgrade_aquatic:blue_pickerelweed":1,"minecraft:dirt":300,"miners_delight:baked_tentacles":2,"minecraft:bone":2,"minecraft:apple":6,"minecraft:stone_bricks":3,"miners_delight:water_cup":2,"minecraft:wheat_seeds":18,"create_new_age:magnetite_block":4,"twigs:twig":35,"minecraft:oak_planks":36,"create:cogwheel":5,"minecraft:dandelion":1,"minecraft:sand":70,"undead_unleashed:grave_metal_scrap":2,"minecraft:spruce_sapling":2,"minecraft:grass_block":1,"minecraft:spruce_log":12,"forbidden_arcanus:ender_pearl_fragment":2,"biomesoplenty:maple_sapling":50,"minecraft:slime_ball":3,"immersiveengineering:seed":3,"minecraft:bread":4,"minecraft:coal":66},"minecraft:broken":{"minecraft:wooden_shovel":1,"minecraft:stone_pickaxe":1,"minecraft:wooden_sword":1,"minecraft:stone_axe":1,"minecraft:wooden_axe":1,"minecraft:stone_shovel":2}},"DataVersion":3120}