{"stats":{"minecraft:killed_by":{"scguns:wool_man":2,"enemyexpansion:meature":1,"enemyexpansion:huntsman":1,"minecraft:skeleton":2,"scguns:cog_minion":1,"scguns:adjudicator":1},"minecraft:used":{"minecraft:stone_shovel":280,"woodworks:oak_chest":1,"upgrade_aquatic:cooked_pike":1,"minecraft:wooden_shovel":60,"minecraft:cooked_salmon":4,"minecraft:torch":20,"minecraft:dirt":60,"miners_delight:copper_cup":2,"create:cogwheel":2,"miners_delight:water_cup":1,"miners_delight:baked_tentacles":1,"farmersdelight:rope":2,"minecraft:wooden_axe":61,"minecraft:stone_brick_stairs":1,"minecraft:cooked_cod":2,"miners_delight:copper_pot":1,"minecraft:stone_pickaxe":131,"minecraft:oak_planks":50,"minecraft:wooden_pickaxe":32,"minecraft:crafting_table":1,"culturaldelights:eggplant":1,"minecraft:apple":5,"upgrade_aquatic:boiled_blue_pickerelweed":1,"minecraft:iron_pickaxe":100,"minecraft:pufferfish":1,"minecraft:golden_helmet":1,"miners_delight:baked_squid":1,"miners_delight:mushroom_stew_cup":2,"minecraft:stone_axe":140,"minecraft:fishing_rod":30,"minecraft:wooden_sword":70,"twigs:pebble":1},"minecraft:custom":{"enigmaticlegacy:play_time_with_seven_curses":165012,"minecraft:mob_kills":6,"minecraft:interact_with_crafting_table":38,"minecraft:interact_with_campfire":18,"minecraft:leave_game":2,"minecraft:time_since_death":111966,"minecraft:climb_one_cm":1417,"minecraft:sprint_one_cm":199687,"minecraft:walk_one_cm":372660,"minecraft:drop":17,"minecraft:talked_to_villager":2,"minecraft:play_time":176477,"minecraft:deaths":14,"minecraft:sneak_time":2459,"minecraft:walk_under_water_one_cm":2998,"minecraft:jump":1054,"minecraft:walk_on_water_one_cm":15364,"minecraft:total_world_time":176477,"minecraft:interact_with_furnace":16,"enigmaticlegacy:play_time_without_seven_curses":9142,"minecraft:time_since_rest":112076,"minecraft:damage_taken":3576,"minecraft:damage_dealt":1210,"minecraft:swim_one_cm":3616,"minecraft:fly_one_cm":177841,"minecraft:open_chest":65,"minecraft:crouch_one_cm":4679,"minecraft:fish_caught":16,"minecraft:fall_one_cm":24715},"minecraft:mined":{"minecraft:cobblestone_stairs":1,"thinair:signal_torch":1,"minecraft:grass_block":222,"twigs:twig":2,"atmospheric:agave":1,"minecraft:spruce_leaves":1,"minecraft:tall_seagrass":1,"minecraft:cobbled_deepslate":3,"minecraft:snow":18,"biomesoplenty:violet":2,"farmersdelight:rope":2,"minecraft:vine":1,"minecraft:stone":205,"twigs:opaline_seashell":1,"minecraft:podzol":12,"create:cogwheel":1,"twigs:pebble":2,"create_new_age:magnetite_block":4,"minecraft:crafting_table":1,"minecraft:torch":6,"environmental:cattail":2,"minecraft:copper_ore":4,"minecraft:sugar_cane":3,"minecraft:oak_planks":26,"minecraft:wall_torch":2,"minecraft:seagrass":5,"twigs:tangerine_seashell":1,"minecraft:lilac":5,"minecraft:spruce_log":13,"biomesoplenty:maple_leaves":50,"minecraft:grass":14,"minecraft:coal_ore":45,"minecraft:oak_log":98,"minecraft:dirt":93,"atmospheric:golden_growths":2,"minecraft:fern":11},"minecraft:crafted":{"minecraft:wooden_sword":1,"minecraft:oak_planks":272,"minecraft:stone_shovel":3,"minecraft:fishing_rod":1,"minecraft:stone":50,"minecraft:iron_boots":1,"minecraft:stone_pickaxe":1,"minecraft:oak_button":1,"minecraft:stone_bricks":32,"minecraft:oak_fence":3,"minecraft:wooden_shovel":2,"minecraft:crafting_table":1,"minecraft:wooden_pickaxe":1,"miners_delight:copper_pot":1,"minecraft:stone_axe":2,"minecraft:air":0,"woodworks:oak_chest":1,"minecraft:stone_brick_stairs":16,"minecraft:iron_chestplate":1,"minecraft:stick":40,"minecraft:iron_pickaxe":1,"minecraft:wooden_axe":1,"minecraft:iron_leggings":1,"minecraft:torch":12},"minecraft:killed":{"scguns:cog_minion":1,"minecraft:wolf":1,"minecraft:zombie":2,"alexsmobs:terrapin":1},"minecraft:dropped":{"biomesoplenty:violet":15,"twigs:pebble":1,"cold_sweat:thermometer":1,"twigs:opaline_seashell":1,"minecraft:moss_carpet":1,"minecraft:rotten_flesh":1,"twigs:tangerine_seashell":1},"minecraft:picked_up":{"minecraft:fishing_rod":1,"minecraft:crafting_table":1,"biomesoplenty:violet":15,"minecraft:shield":1,"minecraft:moss_carpet":1,"minecraft:raw_copper":14,"minecraft:cooked_salmon":4,"miners_delight:glow_squid":1,"minecraft:pufferfish":1,"cold_sweat:thermometer":2,"twigs:opaline_seashell":1,"minecraft:oak_sign":2,"minecraft:cobbled_deepslate":3,"improvableskills:scroll_normal":1,"twigs:pebble":2,"minecraft:sugar_cane":5,"minecraft:golden_helmet":1,"minecraft:stick":4,"upgrade_aquatic:pike":1,"minecraft:torch":8,"minecraft:rotten_flesh":1,"minecraft:cooked_cod":6,"upgrade_aquatic:cooked_pike":1,"farmersdelight:rope":3,"upgrade_aquatic:boiled_blue_pickerelweed":1,"twigs:tangerine_seashell":1,"minecraft:cod":8,"minecraft:snowball":19,"minecraft:cobblestone":205,"upgrade_aquatic:purple_pickerelweed":1,"minecraft:lilac":5,"minecraft:salmon":6,"culturaldelights:eggplant":1,"minecraft:oak_log":97,"supplementaries:flax_seeds":11,"miners_delight:baked_squid":1,"minecraft:cobblestone_stairs":1,"upgrade_aquatic:blue_pickerelweed":1,"minecraft:dirt":293,"miners_delight:baked_tentacles":2,"minecraft:bone":2,"minecraft:apple":6,"minecraft:wheat_seeds":18,"create_new_age:magnetite_block":4,"twigs:twig":35,"minecraft:oak_planks":36,"create:cogwheel":5,"minecraft:dandelion":1,"undead_unleashed:grave_metal_scrap":2,"minecraft:spruce_sapling":2,"minecraft:spruce_log":12,"biomesoplenty:maple_sapling":50,"minecraft:slime_ball":3,"immersiveengineering:seed":3,"minecraft:coal":66},"minecraft:broken":{"minecraft:wooden_shovel":1,"minecraft:stone_pickaxe":1,"minecraft:wooden_sword":1,"minecraft:stone_axe":1,"minecraft:wooden_axe":1,"minecraft:stone_shovel":2}},"DataVersion":3120}