{"stats":{"minecraft:killed":{"minecraft:husk":2,"minecraft:zombie":4,"zombie_extreme:runner":4},"minecraft:custom":{"lootr:looted_stat":9,"minecraft:mob_kills":9,"minecraft:interact_with_anvil":1,"minecraft:toilet_used":3,"minecraft:interact_with_crafting_table":5,"minecraft:stove_opened":4,"minecraft:trashcan_opened":1,"minecraft:interact_with_grindstone":1,"minecraft:interact_with_stonecutter":1,"minecraft:time_since_death":10078,"minecraft:climb_one_cm":5219,"minecraft:time_since_rest":10107,"minecraft:sprint_one_cm":126165,"minecraft:damage_taken":2750,"minecraft:walk_one_cm":299105,"minecraft:drop":2,"minecraft:damage_dealt":5028,"minecraft:chair_used":1,"minecraft:swim_one_cm":6968,"minecraft:freezer_opened":3,"minecraft:fly_one_cm":207839,"minecraft:crouch_one_cm":26624,"minecraft:play_time":77477,"minecraft:deaths":8,"minecraft:sneak_time":7969,"minecraft:walk_under_water_one_cm":3616,"minecraft:jump":1060,"minecraft:interact_with_blast_furnace":2,"minecraft:drawer_searched":3,"minecraft:walk_on_water_one_cm":4216,"minecraft:total_world_time":77477,"minecraft:fall_one_cm":46780},"minecraft:dropped":{"farmersdelight:skillet":1,"cfm:stripped_dark_oak_mail_box":1},"minecraft:mined":{"farmersdelight:cooking_pot":1,"minecraft:dark_oak_planks":1,"farmersdelight:honey_glazed_ham_block":1,"pfm:white_freezer":1,"another_furniture:light_gray_lamp":1,"farmersdelight:roast_chicken_block":1,"minecraft:stripped_dark_oak_log":2,"minecraft:gray_stained_glass_pane":2,"minecraft:crafting_table":3,"minecraft:torch":2,"embellishcraft:gneiss_large_bricks_wall":1,"minecraft:spruce_leaves":1,"pfm:oak_brown_simple_bed":2,"rocks:rock":1,"cfm:stripped_dark_oak_mail_box":1,"minecraft:spawner":2,"minecraft:black_stained_glass_pane":4,"cold_sweat:hearth_bottom":1,"quark:spruce_ladder":5,"minecraft:lilac":4,"biomesoplenty:fir_log":11,"pfm:white_fridge":1,"quark:oak_hedge":2,"biomesoplenty:fir_leaves":50,"minecraft:iron_bars":1,"simplylight:rodlamp":4,"minecraft:gray_carpet":1,"minecraft:tripwire":1},"minecraft:used":{"farmersdelight:skillet":50,"minecraft:wooden_pickaxe":22,"biomesoplenty:fir_planks":5,"minecraft:torch":3,"minecraft:crafting_table":4,"apocalypsenow:knife":8,"minecraft:wooden_axe":1,"farmersdelight:tomato":1,"quark:oak_hedge":1,"minecraft:string":1,"apocalypsenow:lumber_jack_axe":5,"minecraft:wooden_sword":108,"minecraft:potion":2,"apocalypsenow:rolling_pin":2,"biomesoplenty:fir_log":5,"minecraft:smooth_stone":2},"minecraft:broken":{"minecraft:wooden_sword":1,"minecraft:wooden_axe":1},"minecraft:crafted":{"minecraft:wooden_sword":1,"minecraft:crafting_table":1,"firstaid:plaster":2,"minecraft:air":87,"minecraft:string":2,"minecraft:stick":4},"minecraft:picked_up":{"simplylight:rodlamp":4,"minecraft:crafting_table":3,"minecraft:lilac":4,"quark:spruce_ladder":4,"apocalypsenow:rolling_pin":1,"minecraft:potato":9,"biomesoplenty:fir_sapling":34,"biomesoplenty:fir_log":114,"cold_sweat:hearth":1,"pfm:white_freezer":1,"farmersdelight:roast_chicken_block":1,"embellishcraft:polished_marble":3,"embellishcraft:steel_rungs":2,"minecraft:shield":1,"artifacts:cloud_in_a_bottle":1,"farmersdelight:skillet":3,"farmersdelight:tomato":13,"minecraft:string":7,"minecraft:wooden_sword":1,"embellishcraft:gneiss_large_bricks_wall":1,"another_furniture:light_gray_lamp":1,"minecraft:cooked_mutton":6,"farmersdelight:honey_glazed_ham_block":2,"minecraft:bone":4,"apocalypsenow:construction_leggings":1,"minecraft:gray_carpet":1,"farmersdelight:cooking_pot":1,"apocalypsenow:human_flesh":6,"minecraft:smooth_stone":4,"apocalypsenow:knife":1,"farmersdelight:cabbage":4,"ftbquests:book":1,"refinedstorage:cable":3,"tac:9mm_round":1,"farmersdelight:kelp_roll_slice":3,"minecraft:egg":8,"quark:light_gray_shard":2,"minecraft:stick":22,"farmersdelight:stuffed_pumpkin_block":1,"embellishcraft:smooth_marble":10,"patchouli:guide_book":1,"minecraft:torch":2,"apocalypsenow:vodka":1,"pfm:white_fridge":1,"minecraft:carrot":1,"minecraft:dark_oak_planks":1,"embellishcraft:spruce_fancy_door":1,"minecraft:rotten_flesh":5,"immersiveengineering:seed":1,"pfm:oak_brown_simple_bed":2,"quark:oak_hedge":2,"cfm:stripped_dark_oak_mail_box":2,"farmersdelight:beef_stew":2,"minecraft:iron_bars":1,"minecraft:mutton":4,"minecraft:stripped_dark_oak_log":2,"rocks:cobblestone_splitter":1},"minecraft:killed_by":{"minecraft:player":2,"minecraft:zombie":2,"zombie_extreme:runner":2}},"DataVersion":2975}