{"stats":{"minecraft:killed":{"minecraft:husk":2,"minecraft:zombie":4},"minecraft:custom":{"minecraft:time_since_rest":9295,"lootr:looted_stat":1,"minecraft:sprint_one_cm":51714,"minecraft:damage_taken":1592,"minecraft:walk_one_cm":110101,"minecraft:mob_kills":5,"minecraft:damage_dealt":3150,"minecraft:swim_one_cm":6968,"minecraft:interact_with_crafting_table":2,"minecraft:fly_one_cm":55938,"minecraft:crouch_one_cm":20964,"minecraft:stove_opened":2,"minecraft:play_time":29477,"minecraft:deaths":5,"minecraft:sneak_time":5691,"minecraft:walk_under_water_one_cm":2701,"minecraft:jump":332,"minecraft:time_since_death":9196,"minecraft:walk_on_water_one_cm":1087,"minecraft:total_world_time":29477,"minecraft:climb_one_cm":2338,"minecraft:fall_one_cm":11499},"minecraft:mined":{"minecraft:black_stained_glass_pane":4,"farmersdelight:honey_glazed_ham_block":1,"quark:spruce_ladder":2,"biomesoplenty:fir_log":10,"minecraft:crafting_table":1,"quark:oak_hedge":1,"biomesoplenty:fir_leaves":50,"minecraft:tripwire":1},"minecraft:used":{"minecraft:wooden_axe":1,"farmersdelight:skillet":48,"quark:oak_hedge":1,"minecraft:string":1,"minecraft:wooden_pickaxe":2,"biomesoplenty:fir_planks":1,"minecraft:wooden_sword":66,"minecraft:crafting_table":2},"minecraft:broken":{"minecraft:wooden_axe":1,"minecraft:wooden_sword":1},"minecraft:crafted":{"minecraft:wooden_sword":1,"minecraft:stick":4,"minecraft:air":62},"minecraft:picked_up":{"minecraft:stick":22,"minecraft:crafting_table":1,"farmersdelight:stuffed_pumpkin_block":1,"embellishcraft:smooth_marble":1,"apocalypsenow:rolling_pin":1,"quark:spruce_ladder":3,"minecraft:potato":9,"biomesoplenty:fir_sapling":25,"biomesoplenty:fir_log":113,"embellishcraft:polished_marble":1,"artifacts:cloud_in_a_bottle":1,"minecraft:carrot":1,"farmersdelight:skillet":3,"farmersdelight:tomato":13,"minecraft:string":7,"minecraft:wooden_sword":1,"minecraft:cooked_mutton":2,"embellishcraft:spruce_fancy_door":1,"farmersdelight:honey_glazed_ham_block":2,"minecraft:bone":2,"minecraft:rotten_flesh":5,"apocalypsenow:construction_leggings":1,"immersiveengineering:seed":1,"apocalypsenow:human_flesh":5,"farmersdelight:cabbage":4,"quark:oak_hedge":1,"refinedstorage:cable":3,"farmersdelight:beef_stew":2,"minecraft:mutton":4,"minecraft:egg":8,"farmersdelight:kelp_roll_slice":3},"minecraft:killed_by":{"minecraft:zombie":2,"zombie_extreme:runner":2}},"DataVersion":2975}