{"stats":{"minecraft:killed_by":{"undead_revamp2:thesmoker":1},"minecraft:dropped":{"minecraft:rotten_flesh":3,"alexsmobs:cockroach_wing_fragment":1},"minecraft:mined":{"minecraft:crafting_table":1,"minecraft:glow_lichen":1,"minecraft:torch":1,"minecraft:grass_block":2,"minecraft:poppy":5,"minecraft:copper_ore":30,"minecraft:spruce_leaves":2,"minecraft:wall_torch":1,"minecraft:iron_ore":4,"minecraft:spruce_log":5,"minecraft:andesite":2,"minecraft:coal_ore":52,"minecraft:gravel":4,"minecraft:sand":41,"minecraft:dirt":11,"minecraft:stone":210,"minecraft:oak_leaves":6},"minecraft:broken":{"minecraft:stone_pickaxe":2,"minecraft:wooden_pickaxe":1},"minecraft:used":{"minecraft:stone_pickaxe":262,"minecraft:spruce_planks":45,"minecraft:wooden_pickaxe":49,"minecraft:wooden_shovel":30,"minecraft:torch":9,"minecraft:sand":2,"minecraft:crafting_table":4,"minecraft:wooden_axe":7,"minecraft:iron_pickaxe":4,"minecraft:wooden_sword":44,"minecraft:cobblestone":13,"minecraft:potion":4,"minecraft:furnace":1,"minecraft:andesite":2},"minecraft:crafted":{"minecraft:crafting_table":1,"firstaid:plaster":1,"minecraft:air":93,"minecraft:stick":8,"minecraft:iron_ingot":4,"minecraft:iron_pickaxe":1,"minecraft:stone_pickaxe":1},"minecraft:killed":{"minecraft:husk":3,"minecraft:pig":2,"minecraft:sheep":3,"minecraft:zombie":3,"minecraft:chicken":5,"zombie_extreme:runner":1,"minecraft:cow":3},"minecraft:custom":{"minecraft:interact_with_furnace":3,"minecraft:mob_kills":20,"minecraft:interact_with_crafting_table":7,"minecraft:leave_game":1,"minecraft:time_since_death":10994,"minecraft:time_since_rest":11079,"minecraft:sprint_one_cm":69875,"minecraft:damage_taken":531,"minecraft:walk_one_cm":163806,"minecraft:drop":2,"minecraft:damage_dealt":1703,"minecraft:swim_one_cm":1539,"minecraft:fly_one_cm":33240,"minecraft:crouch_one_cm":6506,"minecraft:play_time":38997,"minecraft:deaths":1,"minecraft:sneak_time":2402,"minecraft:walk_under_water_one_cm":971,"minecraft:jump":292,"minecraft:walk_on_water_one_cm":800,"minecraft:total_world_time":38997,"minecraft:fall_one_cm":3652},"minecraft:picked_up":{"minecraft:crafting_table":1,"minecraft:feather":8,"minecraft:chicken":4,"minecraft:andesite":2,"minecraft:flint":2,"minecraft:dirt":12,"minecraft:raw_copper":117,"minecraft:bone":4,"alexsmobs:cockroach_wing_fragment":1,"minecraft:poppy":5,"minecraft:light_gray_wool":1,"minecraft:egg":2,"minecraft:stick":3,"minecraft:raw_iron":4,"minecraft:torch":2,"minecraft:gravel":2,"minecraft:sand":41,"minecraft:porkchop":2,"minecraft:spruce_sapling":5,"minecraft:spruce_log":21,"minecraft:rotten_flesh":3,"minecraft:coal":49,"minecraft:mutton":4,"minecraft:white_wool":2,"minecraft:cobblestone":211}},"DataVersion":2975}