{"stats":{"minecraft:killed_by":{"minecraft:skeleton":2,"scguns:wool_man":2,"scguns:cog_minion":1,"enemyexpansion:meature":1,"enemyexpansion:huntsman":1,"scguns:adjudicator":1},"minecraft:used":{"miners_delight:copper_pot":1,"minecraft:stone_shovel":86,"minecraft:stone_pickaxe":72,"minecraft:oak_planks":50,"woodworks:oak_chest":1,"minecraft:wooden_pickaxe":27,"upgrade_aquatic:cooked_pike":1,"minecraft:cooked_salmon":4,"minecraft:wooden_shovel":60,"minecraft:torch":20,"minecraft:dirt":60,"miners_delight:copper_cup":2,"create:cogwheel":2,"minecraft:crafting_table":1,"miners_delight:water_cup":1,"culturaldelights:eggplant":1,"miners_delight:baked_tentacles":1,"farmersdelight:rope":2,"minecraft:wooden_axe":61,"minecraft:apple":1,"upgrade_aquatic:boiled_blue_pickerelweed":1,"miners_delight:baked_squid":1,"minecraft:fishing_rod":30,"minecraft:golden_helmet":1,"miners_delight:mushroom_stew_cup":2,"minecraft:pufferfish":1,"minecraft:stone_axe":139,"minecraft:wooden_sword":70,"minecraft:cooked_cod":2,"twigs:pebble":1},"minecraft:custom":{"enigmaticlegacy:play_time_with_seven_curses":135012,"minecraft:interact_with_furnace":9,"minecraft:mob_kills":6,"enigmaticlegacy:play_time_without_seven_curses":9142,"minecraft:interact_with_crafting_table":32,"minecraft:interact_with_campfire":18,"minecraft:leave_game":2,"minecraft:time_since_death":81966,"minecraft:climb_one_cm":1411,"minecraft:time_since_rest":82076,"minecraft:sprint_one_cm":182464,"minecraft:damage_taken":3510,"minecraft:walk_one_cm":314928,"minecraft:drop":17,"minecraft:damage_dealt":1210,"minecraft:swim_one_cm":3616,"minecraft:fly_one_cm":158783,"minecraft:open_chest":58,"minecraft:play_time":146477,"minecraft:crouch_one_cm":4637,"minecraft:sneak_time":2440,"minecraft:deaths":14,"minecraft:walk_under_water_one_cm":2998,"minecraft:jump":925,"minecraft:walk_on_water_one_cm":15093,"minecraft:total_world_time":146477,"minecraft:fish_caught":16,"minecraft:fall_one_cm":22997},"minecraft:crafted":{"minecraft:wooden_sword":1,"minecraft:oak_planks":272,"minecraft:wooden_shovel":2,"minecraft:stone_shovel":1,"minecraft:fishing_rod":1,"minecraft:crafting_table":1,"minecraft:wooden_pickaxe":1,"minecraft:stone":22,"minecraft:stone_axe":2,"miners_delight:copper_pot":1,"minecraft:air":0,"woodworks:oak_chest":1,"minecraft:iron_boots":1,"minecraft:iron_chestplate":1,"minecraft:stick":36,"minecraft:stone_pickaxe":1,"minecraft:wooden_axe":1,"minecraft:iron_leggings":1,"minecraft:oak_button":1,"minecraft:torch":12},"minecraft:mined":{"minecraft:podzol":12,"create:cogwheel":1,"twigs:pebble":2,"create_new_age:magnetite_block":4,"thinair:signal_torch":1,"minecraft:crafting_table":1,"minecraft:torch":6,"environmental:cattail":2,"minecraft:grass_block":106,"twigs:twig":2,"minecraft:copper_ore":4,"minecraft:spruce_leaves":1,"atmospheric:agave":1,"minecraft:oak_planks":26,"minecraft:sugar_cane":3,"minecraft:wall_torch":2,"minecraft:seagrass":4,"minecraft:tall_seagrass":1,"twigs:tangerine_seashell":1,"minecraft:snow":6,"minecraft:spruce_log":13,"minecraft:lilac":5,"biomesoplenty:violet":2,"biomesoplenty:maple_leaves":48,"minecraft:grass":11,"minecraft:oak_log":96,"minecraft:coal_ore":45,"farmersdelight:rope":2,"minecraft:vine":1,"minecraft:dirt":25,"minecraft:stone":45,"atmospheric:golden_growths":2,"twigs:opaline_seashell":1,"minecraft:fern":9},"minecraft:killed":{"minecraft:wolf":1,"scguns:cog_minion":1,"minecraft:zombie":2,"alexsmobs:terrapin":1},"minecraft:dropped":{"minecraft:moss_carpet":1,"minecraft:rotten_flesh":1,"biomesoplenty:violet":15,"twigs:tangerine_seashell":1,"twigs:pebble":1,"twigs:opaline_seashell":1,"cold_sweat:thermometer":1},"minecraft:picked_up":{"minecraft:fishing_rod":1,"upgrade_aquatic:purple_pickerelweed":1,"minecraft:crafting_table":1,"minecraft:lilac":5,"minecraft:salmon":6,"biomesoplenty:violet":15,"culturaldelights:eggplant":1,"minecraft:oak_log":95,"supplementaries:flax_seeds":11,"minecraft:shield":1,"miners_delight:baked_squid":1,"upgrade_aquatic:blue_pickerelweed":1,"minecraft:dirt":116,"minecraft:moss_carpet":1,"miners_delight:baked_tentacles":2,"minecraft:raw_copper":14,"minecraft:cooked_salmon":4,"miners_delight:glow_squid":1,"minecraft:bone":2,"minecraft:pufferfish":1,"cold_sweat:thermometer":2,"twigs:opaline_seashell":1,"minecraft:apple":4,"minecraft:wheat_seeds":13,"create_new_age:magnetite_block":4,"improvableskills:scroll_normal":1,"twigs:pebble":2,"twigs:twig":30,"minecraft:sugar_cane":5,"minecraft:oak_planks":36,"minecraft:golden_helmet":1,"minecraft:stick":4,"create:cogwheel":5,"upgrade_aquatic:pike":1,"minecraft:torch":8,"minecraft:dandelion":1,"undead_unleashed:grave_metal_scrap":2,"minecraft:spruce_sapling":2,"minecraft:spruce_log":12,"biomesoplenty:maple_sapling":41,"minecraft:rotten_flesh":1,"minecraft:slime_ball":3,"minecraft:cooked_cod":6,"immersiveengineering:seed":3,"upgrade_aquatic:cooked_pike":1,"farmersdelight:rope":3,"upgrade_aquatic:boiled_blue_pickerelweed":1,"minecraft:snowball":4,"twigs:tangerine_seashell":1,"minecraft:cod":8,"minecraft:coal":66,"minecraft:cobblestone":45},"minecraft:broken":{"minecraft:wooden_shovel":1,"minecraft:wooden_sword":1,"minecraft:stone_axe":1,"minecraft:wooden_axe":1}},"DataVersion":3120}