{"stats":{"minecraft:killed":{"minecraft:husk":2,"minecraft:zombie":4,"zombie_extreme:runner":4},"minecraft:custom":{"lootr:looted_stat":6,"minecraft:mob_kills":9,"minecraft:interact_with_anvil":1,"minecraft:interact_with_crafting_table":4,"minecraft:stove_opened":3,"minecraft:time_since_death":4082,"minecraft:climb_one_cm":4863,"minecraft:time_since_rest":4161,"minecraft:sprint_one_cm":96996,"minecraft:damage_taken":2616,"minecraft:walk_one_cm":247763,"minecraft:drop":1,"minecraft:damage_dealt":5028,"minecraft:chair_used":1,"minecraft:swim_one_cm":6968,"minecraft:freezer_opened":1,"minecraft:fly_one_cm":180889,"minecraft:crouch_one_cm":26624,"minecraft:play_time":65477,"minecraft:deaths":7,"minecraft:sneak_time":7969,"minecraft:walk_under_water_one_cm":3521,"minecraft:jump":916,"minecraft:drawer_searched":3,"minecraft:walk_on_water_one_cm":4071,"minecraft:total_world_time":65477,"minecraft:fall_one_cm":42595},"minecraft:dropped":{"farmersdelight:skillet":1},"minecraft:mined":{"farmersdelight:honey_glazed_ham_block":1,"minecraft:stripped_dark_oak_log":2,"minecraft:gray_stained_glass_pane":2,"minecraft:crafting_table":2,"minecraft:torch":2,"rocks:rock":1,"minecraft:black_stained_glass_pane":4,"quark:spruce_ladder":5,"biomesoplenty:fir_log":11,"quark:oak_hedge":2,"biomesoplenty:fir_leaves":50,"minecraft:tripwire":1},"minecraft:used":{"farmersdelight:skillet":50,"minecraft:wooden_pickaxe":2,"biomesoplenty:fir_planks":1,"minecraft:torch":3,"minecraft:crafting_table":4,"apocalypsenow:knife":8,"minecraft:wooden_axe":1,"farmersdelight:tomato":1,"quark:oak_hedge":1,"minecraft:string":1,"minecraft:wooden_sword":108,"apocalypsenow:rolling_pin":2,"biomesoplenty:fir_log":5,"minecraft:smooth_stone":2},"minecraft:broken":{"minecraft:wooden_sword":1,"minecraft:wooden_axe":1},"minecraft:picked_up":{"minecraft:crafting_table":2,"quark:spruce_ladder":4,"apocalypsenow:rolling_pin":1,"minecraft:potato":9,"biomesoplenty:fir_sapling":34,"biomesoplenty:fir_log":113,"embellishcraft:polished_marble":3,"embellishcraft:steel_rungs":2,"minecraft:shield":1,"artifacts:cloud_in_a_bottle":1,"farmersdelight:skillet":3,"farmersdelight:tomato":13,"minecraft:string":7,"minecraft:wooden_sword":1,"minecraft:cooked_mutton":6,"farmersdelight:honey_glazed_ham_block":2,"minecraft:bone":4,"apocalypsenow:construction_leggings":1,"apocalypsenow:human_flesh":6,"minecraft:smooth_stone":4,"apocalypsenow:knife":1,"farmersdelight:cabbage":4,"ftbquests:book":1,"refinedstorage:cable":3,"tac:9mm_round":1,"farmersdelight:kelp_roll_slice":3,"minecraft:egg":8,"quark:light_gray_shard":2,"minecraft:stick":22,"farmersdelight:stuffed_pumpkin_block":1,"embellishcraft:smooth_marble":10,"patchouli:guide_book":1,"minecraft:torch":2,"minecraft:carrot":1,"embellishcraft:spruce_fancy_door":1,"minecraft:rotten_flesh":5,"immersiveengineering:seed":1,"quark:oak_hedge":2,"farmersdelight:beef_stew":2,"minecraft:mutton":4,"minecraft:stripped_dark_oak_log":2,"rocks:cobblestone_splitter":1},"minecraft:crafted":{"minecraft:wooden_sword":1,"minecraft:crafting_table":1,"firstaid:plaster":2,"minecraft:air":87,"minecraft:string":2,"minecraft:stick":4},"minecraft:killed_by":{"minecraft:player":1,"minecraft:zombie":2,"zombie_extreme:runner":2}},"DataVersion":2975}