{"stats":{"minecraft:killed":{"minecraft:sheep":3,"minecraft:pig":2,"minecraft:chicken":4,"minecraft:cow":3},"minecraft:custom":{"minecraft:time_since_rest":15894,"minecraft:sprint_one_cm":21569,"minecraft:damage_taken":151,"minecraft:walk_one_cm":88547,"minecraft:mob_kills":12,"minecraft:damage_dealt":890,"minecraft:swim_one_cm":324,"minecraft:interact_with_crafting_table":4,"minecraft:fly_one_cm":18229,"minecraft:crouch_one_cm":2288,"minecraft:play_time":15894,"minecraft:sneak_time":723,"minecraft:walk_under_water_one_cm":334,"minecraft:jump":104,"minecraft:time_since_death":15894,"minecraft:walk_on_water_one_cm":210,"minecraft:total_world_time":15894,"minecraft:fall_one_cm":2756},"minecraft:mined":{"minecraft:iron_ore":4,"minecraft:spruce_log":5,"minecraft:coal_ore":28,"minecraft:poppy":5,"minecraft:sand":41,"minecraft:spruce_leaves":2,"minecraft:stone":77},"minecraft:used":{"minecraft:wooden_axe":6,"minecraft:stone_pickaxe":61,"minecraft:spruce_planks":16,"minecraft:wooden_pickaxe":49,"minecraft:wooden_shovel":27,"minecraft:torch":7,"minecraft:wooden_sword":20,"minecraft:sand":2,"minecraft:crafting_table":2},"minecraft:broken":{"minecraft:wooden_pickaxe":1},"minecraft:crafted":{"minecraft:crafting_table":1,"minecraft:stick":4,"minecraft:stone_pickaxe":1,"minecraft:air":89},"minecraft:picked_up":{"minecraft:stick":3,"minecraft:raw_iron":4,"minecraft:feather":6,"minecraft:chicken":3,"minecraft:porkchop":2,"minecraft:sand":41,"minecraft:spruce_sapling":5,"minecraft:spruce_log":21,"alexsmobs:cockroach_wing_fragment":1,"minecraft:poppy":5,"minecraft:light_gray_wool":1,"minecraft:coal":28,"minecraft:mutton":4,"minecraft:white_wool":2,"minecraft:cobblestone":77,"minecraft:egg":2}},"DataVersion":2975}