{"stats":{"minecraft:killed_by":{"enemyexpansion:equestrian":1,"scguns:gun_railway_bandit":1,"scguns:wool_man":2,"enemyexpansion:meature":1,"enemyexpansion:huntsman":1,"minecraft:skeleton":2,"scguns:cog_minion":1,"scguns:adjudicator":1},"minecraft:used":{"minecraft:oak_trapdoor":15,"minecraft:stone_shovel":356,"woodworks:oak_chest":2,"minecraft:iron_sword":45,"upgrade_aquatic:cooked_pike":1,"minecraft:wooden_shovel":60,"minecraft:cooked_salmon":6,"scguns:riveter":4,"minecraft:torch":28,"minecraft:dirt":83,"miners_delight:copper_cup":17,"create:cogwheel":2,"miners_delight:water_cup":14,"minecraft:snowball":9,"miners_delight:baked_tentacles":1,"farmersdelight:rope":2,"minecraft:wooden_axe":61,"minecraft:stone_brick_stairs":13,"minecraft:stone_bricks":187,"minecraft:furnace":1,"minecraft:cooked_cod":10,"forbidden_arcanus:edelwood_bucket":2,"miners_delight:copper_pot":1,"minecraft:stone_pickaxe":131,"minecraft:oak_planks":50,"culturaldelights:cooked_squid":1,"minecraft:wooden_pickaxe":32,"minecraft:brown_mushroom":1,"forbidden_arcanus:edelwood_water_bucket":24,"minecraft:crafting_table":1,"culturaldelights:eggplant":1,"minecraft:spruce_log":8,"minecraft:oak_log":9,"upgrade_aquatic:glass_trapdoor":1,"minecraft:apple":6,"upgrade_aquatic:boiled_blue_pickerelweed":1,"minecraft:bread":4,"minecraft:iron_pickaxe":226,"minecraft:pufferfish":1,"minecraft:golden_helmet":1,"miners_delight:baked_squid":1,"miners_delight:mushroom_stew_cup":2,"minecraft:stone_axe":192,"minecraft:chiseled_stone_bricks":88,"minecraft:fishing_rod":53,"minecraft:wooden_sword":70,"minecraft:cooked_porkchop":7,"minecraft:glass_pane":28,"twigs:pebble":1,"scguns:bandit_machete":22},"minecraft:custom":{"enigmaticlegacy:play_time_with_seven_curses":266481,"minecraft:mob_kills":16,"minecraft:interact_with_crafting_table":73,"minecraft:interact_with_campfire":35,"minecraft:leave_game":2,"minecraft:time_since_death":30728,"minecraft:climb_one_cm":3144,"minecraft:sprint_one_cm":425531,"minecraft:walk_one_cm":675198,"minecraft:drop":25,"minecraft:talked_to_villager":2,"minecraft:play_time":278477,"minecraft:deaths":16,"minecraft:sneak_time":4952,"minecraft:walk_under_water_one_cm":6600,"minecraft:jump":2007,"minecraft:walk_on_water_one_cm":30315,"minecraft:total_world_time":278477,"minecraft:interact_with_furnace":60,"enigmaticlegacy:play_time_without_seven_curses":9142,"minecraft:sleep_in_bed":1,"minecraft:time_since_rest":30922,"minecraft:damage_taken":5512,"minecraft:damage_dealt":3180,"minecraft:swim_one_cm":22262,"minecraft:fly_one_cm":378847,"minecraft:open_chest":105,"minecraft:crouch_one_cm":11739,"minecraft:fish_caught":27,"minecraft:fall_one_cm":46140,"minecraft:horse_one_cm":1354},"minecraft:mined":{"minecraft:cobblestone_stairs":1,"thinair:signal_torch":1,"minecraft:grass_block":222,"twigs:twig":2,"atmospheric:agave":1,"minecraft:spruce_leaves":1,"minecraft:chiseled_stone_bricks":1,"minecraft:tall_seagrass":2,"minecraft:oak_trapdoor":15,"minecraft:cobbled_deepslate":4,"minecraft:snow":23,"biomesoplenty:violet":2,"farmersdelight:rope":2,"minecraft:vine":1,"minecraft:stone":323,"upgrade_aquatic:glass_trapdoor":1,"twigs:opaline_seashell":1,"minecraft:podzol":12,"create:cogwheel":1,"twigs:pebble":2,"minecraft:brown_mushroom":11,"minecraft:glass_pane":2,"create_new_age:magnetite_block":4,"minecraft:crafting_table":1,"minecraft:torch":7,"environmental:cattail":2,"minecraft:copper_ore":4,"minecraft:sugar_cane":9,"minecraft:oak_planks":26,"minecraft:wall_torch":2,"minecraft:seagrass":5,"twigs:tangerine_seashell":1,"minecraft:lilac":5,"minecraft:spruce_log":13,"biomesoplenty:maple_leaves":52,"minecraft:grass":15,"minecraft:coal_ore":45,"minecraft:oak_log":123,"minecraft:sand":71,"minecraft:dirt":95,"minecraft:stone_bricks":4,"atmospheric:golden_growths":2,"minecraft:fern":13},"minecraft:crafted":{"minecraft:wooden_sword":1,"minecraft:oak_planks":272,"minecraft:stone_shovel":3,"minecraft:fishing_rod":1,"minecraft:furnace":1,"minecraft:stone":305,"minecraft:glass_pane":48,"minecraft:oak_trapdoor":10,"minecraft:glass":24,"minecraft:stone_brick_slab":174,"minecraft:iron_boots":1,"minecraft:stone_pickaxe":1,"minecraft:oak_button":1,"minecraft:chiseled_stone_bricks":87,"minecraft:stone_bricks":300,"minecraft:oak_fence":3,"upgrade_aquatic:glass_trapdoor":1,"minecraft:wooden_shovel":2,"minecraft:cooked_porkchop":7,"minecraft:crafting_table":1,"minecraft:wooden_pickaxe":1,"minecraft:iron_sword":1,"miners_delight:copper_pot":1,"minecraft:stone_axe":2,"minecraft:air":0,"woodworks:oak_chest":2,"minecraft:stone_brick_stairs":20,"minecraft:book":2,"minecraft:paper":9,"minecraft:iron_chestplate":1,"minecraft:stick":40,"minecraft:iron_pickaxe":1,"minecraft:wooden_axe":1,"minecraft:iron_leggings":1,"minecraft:torch":44},"minecraft:killed":{"scguns:cog_minion":1,"minecraft:phantom":1,"scguns:girl_railway_bandit":1,"scguns:gun_railway_bandit":1,"minecraft:wolf":1,"minecraft:creeper":2,"minecraft:squid":1,"alexsmobs:cockroach":1,"minecraft:zombie":4,"alexsmobs:terrapin":1,"minecraft:enderman":1},"minecraft:dropped":{"minecraft:crafting_table":2,"minecraft:coal":17,"biomesoplenty:violet":15,"twigs:pebble":1,"cold_sweat:thermometer":1,"twigs:opaline_seashell":1,"minecraft:moss_carpet":1,"minecraft:oak_trapdoor":3,"minecraft:rotten_flesh":5,"twigs:tangerine_seashell":1,"minecraft:stone":1},"minecraft:picked_up":{"scguns:bandit_machete":3,"minecraft:fishing_rod":3,"minecraft:iron_chestplate":2,"minecraft:crafting_table":4,"cgm:basic_bullet":1,"minecraft:brown_mushroom":16,"biomesoplenty:violet":15,"minecraft:stone_brick_stairs":6,"minecraft:shield":3,"minecraft:oak_trapdoor":17,"minecraft:moss_carpet":1,"minecraft:raw_copper":14,"minecraft:cooked_salmon":6,"miners_delight:glow_squid":1,"minecraft:iron_leggings":2,"minecraft:pufferfish":1,"cold_sweat:thermometer":4,"twigs:opaline_seashell":1,"minecraft:glass_pane":40,"minecraft:oak_sign":2,"scguns:rivet":7,"minecraft:spruce_planks":21,"minecraft:cobbled_deepslate":6,"improvableskills:scroll_normal":3,"twigs:pebble":4,"culturaldelights:cooked_squid":2,"minecraft:iron_pickaxe":2,"minecraft:sugar_cane":44,"minecraft:iron_boots":2,"minecraft:golden_helmet":3,"minecraft:stick":4,"miners_delight:tentacles":5,"forbidden_arcanus:tentacle":1,"upgrade_aquatic:pike":2,"minecraft:torch":69,"minecraft:bowl":1,"minecraft:stone_shovel":2,"minecraft:rotten_flesh":7,"minecraft:cooked_cod":12,"upgrade_aquatic:cooked_pike":1,"scguns:riveter":2,"culturaldelights:squid":2,"minecraft:gold_ingot":2,"farmersdelight:rope":3,"upgrade_aquatic:boiled_blue_pickerelweed":1,"twigs:tangerine_seashell":1,"minecraft:cod":14,"minecraft:snowball":31,"minecraft:cobblestone":495,"forbidden_arcanus:cooked_tentacle":1,"upgrade_aquatic:purple_pickerelweed":1,"minecraft:lilac":5,"minecraft:salmon":10,"minecraft:leather":8,"culturaldelights:eggplant":1,"minecraft:oak_log":126,"supplementaries:flax_seeds":11,"minecraft:gunpowder":21,"miners_delight:baked_squid":1,"minecraft:cobblestone_stairs":1,"upgrade_aquatic:blue_pickerelweed":1,"minecraft:dirt":432,"miners_delight:baked_tentacles":7,"minecraft:glass":4,"minecraft:bone":2,"minecraft:apple":8,"minecraft:stone_bricks":4,"miners_delight:water_cup":2,"minecraft:wheat_seeds":18,"alexsmobs:cockroach_wing_fragment":2,"create_new_age:magnetite_block":4,"minecraft:iron_ingot":26,"twigs:twig":105,"minecraft:oak_planks":366,"enemyexpansion:phantom_eye":1,"minecraft:chiseled_stone_bricks":1,"create:cogwheel":5,"minecraft:dandelion":1,"minecraft:sand":150,"undead_unleashed:grave_metal_scrap":2,"minecraft:spruce_sapling":2,"minecraft:ink_sac":10,"minecraft:grass_block":1,"minecraft:spruce_log":12,"forbidden_arcanus:ender_pearl_fragment":6,"biomesoplenty:maple_sapling":56,"minecraft:slime_ball":7,"immersiveengineering:seed":3,"minecraft:stone_axe":2,"thinair:respirator":2,"minecraft:emerald":15,"minecraft:bread":4,"minecraft:coal":92},"minecraft:broken":{"minecraft:golden_helmet":1,"minecraft:wooden_shovel":1,"minecraft:stone_pickaxe":1,"minecraft:wooden_sword":1,"minecraft:stone_axe":1,"minecraft:wooden_axe":1,"minecraft:stone_shovel":2}},"DataVersion":3120}