{"stats":{"minecraft:killed":{"minecraft:husk":2},"minecraft:custom":{"minecraft:time_since_rest":5973,"lootr:looted_stat":1,"minecraft:sprint_one_cm":45220,"minecraft:damage_taken":862,"minecraft:walk_one_cm":65277,"minecraft:damage_dealt":1178,"minecraft:swim_one_cm":6968,"minecraft:interact_with_crafting_table":2,"minecraft:fly_one_cm":46208,"minecraft:crouch_one_cm":12599,"minecraft:play_time":17477,"minecraft:deaths":3,"minecraft:sneak_time":2998,"minecraft:walk_under_water_one_cm":2701,"minecraft:jump":204,"minecraft:time_since_death":5851,"minecraft:walk_on_water_one_cm":1087,"minecraft:total_world_time":17477,"minecraft:climb_one_cm":1757,"minecraft:fall_one_cm":4249},"minecraft:mined":{"farmersdelight:honey_glazed_ham_block":1,"quark:spruce_ladder":2,"biomesoplenty:fir_log":10,"minecraft:crafting_table":1,"quark:oak_hedge":1,"biomesoplenty:fir_leaves":39,"minecraft:tripwire":1},"minecraft:used":{"minecraft:wooden_axe":1,"quark:oak_hedge":1,"minecraft:string":1,"minecraft:wooden_pickaxe":2,"biomesoplenty:fir_planks":1,"minecraft:wooden_sword":37,"minecraft:crafting_table":2},"minecraft:broken":{"minecraft:wooden_axe":1},"minecraft:crafted":{"minecraft:wooden_sword":1,"minecraft:stick":4,"minecraft:air":62},"minecraft:picked_up":{"minecraft:stick":22,"minecraft:crafting_table":1,"quark:spruce_ladder":1,"biomesoplenty:fir_sapling":12,"biomesoplenty:fir_log":113,"minecraft:carrot":1,"minecraft:string":7,"minecraft:wooden_sword":1,"farmersdelight:honey_glazed_ham_block":2,"minecraft:bone":2,"minecraft:rotten_flesh":5,"apocalypsenow:construction_leggings":1,"immersiveengineering:seed":1,"apocalypsenow:human_flesh":3,"quark:oak_hedge":1},"minecraft:killed_by":{"minecraft:zombie":1,"zombie_extreme:runner":2}},"DataVersion":2975}