{"stats":{"minecraft:killed":{"minecraft:sheep":3,"minecraft:pig":2,"minecraft:chicken":4,"minecraft:cow":3},"minecraft:custom":{"minecraft:time_since_rest":27894,"minecraft:sprint_one_cm":21666,"minecraft:damage_taken":391,"minecraft:walk_one_cm":117576,"minecraft:mob_kills":12,"minecraft:damage_dealt":890,"minecraft:swim_one_cm":324,"minecraft:interact_with_crafting_table":5,"minecraft:fly_one_cm":18255,"minecraft:crouch_one_cm":5480,"minecraft:play_time":27894,"minecraft:sneak_time":2085,"minecraft:walk_under_water_one_cm":334,"minecraft:jump":206,"minecraft:time_since_death":27894,"minecraft:walk_on_water_one_cm":210,"minecraft:total_world_time":27894,"minecraft:fall_one_cm":2756},"minecraft:mined":{"minecraft:iron_ore":4,"minecraft:spruce_log":5,"minecraft:andesite":2,"minecraft:crafting_table":1,"minecraft:glow_lichen":1,"minecraft:grass_block":1,"minecraft:coal_ore":47,"minecraft:poppy":5,"minecraft:dirt":7,"minecraft:gravel":4,"minecraft:sand":41,"minecraft:copper_ore":11,"minecraft:spruce_leaves":2,"minecraft:stone":154,"minecraft:oak_leaves":2},"minecraft:used":{"minecraft:wooden_axe":7,"minecraft:stone_pickaxe":183,"minecraft:spruce_planks":45,"minecraft:wooden_pickaxe":49,"minecraft:wooden_shovel":27,"minecraft:torch":7,"minecraft:wooden_sword":20,"minecraft:sand":2,"minecraft:cobblestone":10,"minecraft:potion":2,"minecraft:crafting_table":3,"minecraft:andesite":2},"minecraft:broken":{"minecraft:stone_pickaxe":1,"minecraft:wooden_pickaxe":1},"minecraft:crafted":{"minecraft:crafting_table":1,"minecraft:stick":8,"minecraft:stone_pickaxe":1,"firstaid:plaster":1,"minecraft:air":93},"minecraft:picked_up":{"minecraft:crafting_table":1,"minecraft:stick":3,"minecraft:raw_iron":4,"minecraft:feather":6,"minecraft:chicken":3,"minecraft:andesite":2,"minecraft:gravel":2,"minecraft:flint":2,"minecraft:porkchop":2,"minecraft:sand":41,"minecraft:spruce_sapling":5,"minecraft:spruce_log":21,"minecraft:dirt":7,"minecraft:raw_copper":53,"alexsmobs:cockroach_wing_fragment":1,"minecraft:poppy":5,"minecraft:light_gray_wool":1,"minecraft:coal":44,"minecraft:mutton":4,"minecraft:white_wool":2,"minecraft:cobblestone":155,"minecraft:egg":2}},"DataVersion":2975}