{"stats":{"minecraft:killed_by":{"undead_revamp2:thesmoker":1},"minecraft:dropped":{"minecraft:rotten_flesh":3,"alexsmobs:cockroach_wing_fragment":1},"minecraft:mined":{"minecraft:deepslate_redstone_ore":2,"minecraft:crafting_table":1,"minecraft:glow_lichen":1,"minecraft:torch":2,"minecraft:granite":28,"minecraft:grass_block":7,"minecraft:poppy":5,"minecraft:copper_ore":39,"minecraft:cobblestone":10,"minecraft:spruce_leaves":2,"minecraft:diorite":17,"minecraft:wall_torch":3,"minecraft:redstone_ore":4,"minecraft:iron_ore":27,"minecraft:spruce_log":5,"minecraft:andesite":12,"minecraft:coal_ore":52,"minecraft:cobblestone_slab":3,"minecraft:deepslate_iron_ore":1,"minecraft:gravel":19,"minecraft:sand":41,"minecraft:dirt":29,"minecraft:stone":332,"minecraft:deepslate":34,"minecraft:oak_leaves":6},"minecraft:broken":{"minecraft:stone_pickaxe":2,"minecraft:wooden_sword":1,"minecraft:iron_pickaxe":1,"minecraft:wooden_pickaxe":1},"minecraft:used":{"minecraft:cooked_mutton":2,"minecraft:glass_bottle":14,"minecraft:stone_pickaxe":262,"minecraft:chest":1,"minecraft:spruce_planks":45,"minecraft:wooden_pickaxe":49,"minecraft:iron_sword":43,"minecraft:cobblestone_slab":4,"minecraft:wooden_shovel":30,"minecraft:torch":12,"minecraft:sand":2,"minecraft:crafting_table":5,"minecraft:wooden_axe":7,"minecraft:bread":3,"minecraft:iron_pickaxe":308,"minecraft:fishing_rod":9,"minecraft:wooden_sword":55,"minecraft:cobblestone":101,"minecraft:potion":8,"minecraft:furnace":3,"minecraft:cooked_cod":1,"minecraft:andesite":2},"minecraft:killed":{"minecraft:husk":6,"minecraft:pig":2,"undead_revamp2:thesmoker":1,"minecraft:sheep":3,"minecraft:zombie":10,"minecraft:chicken":5,"zombie_extreme:infected_police":2,"alexsmobs:fly":4,"zombie_extreme:runner":5,"minecraft:cow":3},"minecraft:crafted":{"minecraft:cooked_cod":2,"minecraft:cobblestone_slab":6,"minecraft:crafting_table":2,"minecraft:iron_sword":1,"minecraft:furnace":1,"minecraft:copper_ingot":55,"firstaid:plaster":1,"minecraft:cooked_mutton":4,"minecraft:air":101,"minecraft:potion":13,"minecraft:stick":12,"minecraft:iron_ingot":28,"minecraft:iron_pickaxe":1,"minecraft:stone_pickaxe":1,"minecraft:chest":1},"minecraft:custom":{"minecraft:interact_with_furnace":45,"minecraft:mob_kills":41,"minecraft:interact_with_crafting_table":27,"minecraft:leave_game":1,"minecraft:time_since_death":70994,"minecraft:time_since_rest":71079,"minecraft:sprint_one_cm":112698,"minecraft:damage_taken":641,"minecraft:walk_one_cm":308131,"minecraft:drop":2,"minecraft:damage_dealt":3667,"minecraft:swim_one_cm":3086,"minecraft:fly_one_cm":62268,"minecraft:open_chest":5,"minecraft:crouch_one_cm":21317,"minecraft:play_time":98997,"minecraft:deaths":1,"minecraft:sneak_time":6387,"minecraft:walk_under_water_one_cm":1211,"minecraft:jump":722,"minecraft:walk_on_water_one_cm":1296,"minecraft:total_world_time":98997,"minecraft:fish_caught":5,"minecraft:fall_one_cm":7470},"minecraft:picked_up":{"minecraft:crafting_table":1,"minecraft:feather":8,"minecraft:chicken":4,"minecraft:tripwire_hook":1,"minecraft:andesite":12,"minecraft:leather":1,"minecraft:flint":3,"minecraft:string":10,"minecraft:dirt":35,"minecraft:raw_copper":147,"minecraft:bone":20,"minecraft:cobbled_deepslate":34,"alexsmobs:cockroach_wing_fragment":2,"minecraft:cobblestone_slab":3,"minecraft:poppy":5,"minecraft:light_gray_wool":1,"tac:9mm_round":1,"minecraft:egg":2,"minecraft:stick":3,"minecraft:raw_iron":28,"minecraft:bowl":1,"minecraft:torch":5,"minecraft:gravel":16,"minecraft:sand":41,"minecraft:porkchop":2,"minecraft:spruce_sapling":5,"minecraft:diorite":17,"minecraft:spruce_log":21,"minecraft:redstone":29,"minecraft:rotten_flesh":18,"minecraft:tropical_fish":1,"minecraft:granite":28,"alexsmobs:maggot":6,"minecraft:cod":4,"minecraft:coal":49,"minecraft:mutton":4,"minecraft:white_wool":2,"minecraft:cobblestone":341}},"DataVersion":2975}