{"stats":{"minecraft:killed":{"minecraft:husk":2,"minecraft:zombie":4,"zombie_extreme:runner":4},"minecraft:custom":{"lootr:looted_stat":12,"minecraft:mob_kills":9,"minecraft:interact_with_anvil":1,"minecraft:toilet_used":3,"minecraft:interact_with_crafting_table":5,"minecraft:stove_opened":4,"minecraft:trashcan_opened":1,"minecraft:interact_with_grindstone":1,"minecraft:interact_with_stonecutter":1,"minecraft:time_since_death":34078,"minecraft:sleep_in_bed":3,"minecraft:climb_one_cm":5565,"minecraft:time_since_rest":669,"minecraft:sprint_one_cm":183782,"minecraft:damage_taken":2770,"minecraft:walk_one_cm":390371,"minecraft:drop":4,"minecraft:damage_dealt":5286,"minecraft:chair_used":1,"minecraft:swim_one_cm":8285,"minecraft:talked_to_villager":12,"minecraft:freezer_opened":3,"minecraft:fly_one_cm":279104,"minecraft:crouch_one_cm":35911,"minecraft:play_time":101477,"minecraft:deaths":8,"minecraft:sneak_time":10031,"minecraft:walk_under_water_one_cm":5380,"minecraft:jump":1373,"minecraft:interact_with_blast_furnace":2,"minecraft:drawer_searched":3,"minecraft:walk_on_water_one_cm":6074,"minecraft:total_world_time":101477,"minecraft:fall_one_cm":52464},"minecraft:dropped":{"farmersdelight:skillet":1,"tac:m1911":1,"patchouli:guide_book":1,"cfm:stripped_dark_oak_mail_box":1},"minecraft:mined":{"farmersdelight:cooking_pot":1,"minecraft:dark_oak_planks":2,"farmersdelight:honey_glazed_ham_block":1,"pfm:white_freezer":1,"another_furniture:light_gray_lamp":2,"farmersdelight:roast_chicken_block":1,"minecraft:stripped_dark_oak_log":2,"minecraft:gray_stained_glass_pane":2,"minecraft:crafting_table":3,"minecraft:torch":4,"minecraft:grass_block":3,"embellishcraft:gneiss_large_bricks_wall":2,"minecraft:spruce_leaves":1,"pfm:oak_brown_simple_bed":2,"rocks:rock":1,"minecraft:diorite":7,"biomesoplenty:dead_branch":2,"cfm:stripped_dark_oak_mail_box":1,"minecraft:spawner":3,"minecraft:black_stained_glass_pane":4,"minecraft:spruce_sapling":1,"minecraft:dark_oak_door":1,"cold_sweat:hearth_bottom":1,"quark:spruce_ladder":5,"minecraft:lilac":4,"minecraft:spruce_log":4,"biomesoplenty:fir_log":12,"pfm:white_fridge":1,"minecraft:grass":1,"biomesoplenty:dead_log":37,"quark:oak_hedge":2,"biomesoplenty:fir_leaves":50,"minecraft:iron_bars":2,"simplylight:rodlamp":4,"minecraft:gravel":1,"minecraft:dirt":1,"minecraft:gray_carpet":1,"farmersdelight:stove":3,"minecraft:stone_bricks":3,"create:dark_oak_window_pane":2,"minecraft:tripwire":1},"minecraft:used":{"farmersdelight:skillet":50,"farmersdelight:stove":2,"minecraft:wooden_pickaxe":40,"biomesoplenty:fir_planks":5,"minecraft:torch":5,"minecraft:dirt":1,"minecraft:crafting_table":4,"minecraft:dark_oak_door":1,"apocalypsenow:knife":8,"minecraft:wooden_axe":1,"farmersdelight:tomato":1,"quark:oak_hedge":1,"minecraft:string":1,"minecraft:gravel":1,"apocalypsenow:lumber_jack_axe":59,"minecraft:wooden_sword":108,"minecraft:potion":4,"apocalypsenow:rolling_pin":2,"biomesoplenty:fir_log":6,"minecraft:smooth_stone":2},"minecraft:broken":{"minecraft:wooden_sword":1,"minecraft:wooden_axe":1},"minecraft:crafted":{"minecraft:wooden_sword":1,"minecraft:crafting_table":1,"firstaid:plaster":2,"minecraft:air":87,"minecraft:string":2,"minecraft:stick":4},"minecraft:picked_up":{"simplylight:rodlamp":4,"minecraft:crafting_table":3,"minecraft:lilac":4,"quark:spruce_ladder":4,"apocalypsenow:rolling_pin":1,"minecraft:potato":9,"biomesoplenty:dead_log":23,"biomesoplenty:fir_sapling":34,"biomesoplenty:fir_log":115,"cold_sweat:hearth":1,"pfm:white_freezer":1,"farmersdelight:roast_chicken_block":1,"embellishcraft:polished_marble":3,"embellishcraft:steel_rungs":2,"minecraft:shield":1,"artifacts:cloud_in_a_bottle":1,"farmersdelight:skillet":3,"minecraft:dirt":3,"farmersdelight:tomato":13,"minecraft:string":7,"minecraft:wooden_sword":1,"embellishcraft:gneiss_large_bricks_wall":2,"tac:m1911":1,"another_furniture:light_gray_lamp":2,"minecraft:cooked_mutton":6,"farmersdelight:honey_glazed_ham_block":2,"minecraft:bone":4,"apocalypsenow:construction_leggings":1,"minecraft:gray_carpet":1,"farmersdelight:cooking_pot":1,"apocalypsenow:human_flesh":6,"minecraft:smooth_stone":4,"apocalypsenow:knife":1,"farmersdelight:cabbage":4,"ftbquests:book":1,"refinedstorage:cable":3,"tac:9mm_round":1,"farmersdelight:kelp_roll_slice":3,"minecraft:egg":8,"minecraft:dark_oak_door":1,"quark:light_gray_shard":2,"minecraft:stick":27,"farmersdelight:stuffed_pumpkin_block":1,"embellishcraft:smooth_marble":10,"patchouli:guide_book":1,"minecraft:torch":4,"minecraft:gravel":1,"apocalypsenow:vodka":1,"pfm:white_fridge":1,"minecraft:carrot":1,"minecraft:dark_oak_planks":2,"embellishcraft:spruce_fancy_door":1,"minecraft:rotten_flesh":5,"immersiveengineering:seed":1,"pfm:oak_brown_simple_bed":2,"quark:oak_hedge":2,"cfm:stripped_dark_oak_mail_box":2,"farmersdelight:beef_stew":2,"farmersdelight:stove":3,"minecraft:iron_bars":1,"minecraft:mutton":4,"minecraft:stripped_dark_oak_log":2,"rocks:cobblestone_splitter":1},"minecraft:killed_by":{"minecraft:player":2,"minecraft:zombie":2,"zombie_extreme:runner":2}},"DataVersion":2975}