{
  "minecraft:recipes/tools/fishing_rod": {
    "criteria": {
      "has_string": "2024-06-24 02:41:24 +0000"
    },
    "done": true
  },
  "sophisticatedstorage:recipes/sophisticatedstorage/packing_tape": {
    "criteria": {
      "has_slime": "2024-06-24 02:51:02 +0000"
    },
    "done": true
  },
  "sophisticatedstorage:recipes/sophisticatedstorage/oak_limited_barrel_4": {
    "criteria": {
      "has_oak_plank": "2024-06-23 08:24:37 +0000"
    },
    "done": true
  },
  "sophisticatedstorage:recipes/sophisticatedstorage/oak_limited_barrel_3": {
    "criteria": {
      "has_oak_plank": "2024-06-23 08:24:37 +0000"
    },
    "done": true
  },
  "minecraft:recipes/redstone/lever": {
    "criteria": {
      "has_cobblestone": "2024-06-23 08:35:35 +0000"
    },
    "done": true
  },
  "sophisticatedstorage:recipes/sophisticatedstorage/oak_limited_barrel_2": {
    "criteria": {
      "has_oak_plank": "2024-06-23 08:24:37 +0000"
    },
    "done": true
  },
  "enigmaticlegacy:recipes/generic/evil_ingot": {
    "criteria": {
      "is_cursed_one": "2024-06-23 08:22:29 +0000"
    },
    "done": false
  },
  "sophisticatedstorage:recipes/sophisticatedstorage/oak_limited_barrel_1": {
    "criteria": {
      "has_oak_plank": "2024-06-23 08:24:37 +0000"
    },
    "done": true
  },
  "farmersdelight:recipes/farmersdelight/organic_compost_from_rotten_flesh": {
    "criteria": {
      "has_rotten_flesh": "2024-06-24 02:50:21 +0000"
    },
    "done": true
  },
  "minecraft:recipes/misc/magenta_dye_from_lilac": {
    "criteria": {
      "has_lilac": "2024-06-23 08:44:04 +0000"
    },
    "done": true
  },
  "enigmaticlegacy:recipes/generic/magnet_ring": {
    "criteria": {
      "has_parent_recipe": "2024-06-24 02:27:31 +0000"
    },
    "done": false
  },
  "minecraft:recipes/combat/iron_sword": {
    "criteria": {
      "has_iron_ingot": "2024-06-24 02:27:31 +0000"
    },
    "done": true
  },
  "create:recipes/create.palettes/cut_andesite_slab_from_stone_types_andesite_stonecutting": {
    "criteria": {
      "has_stone_types_andesite": "2024-06-24 03:02:20 +0000"
    },
    "done": true
  },
  "aether:recipes/combat/iron_ring": {
    "criteria": {
      "has_iron_ingot": "2024-06-24 02:27:31 +0000"
    },
    "done": true
  },
  "create:recipes/create.base/crafting/appliances/copper_backtank": {
    "criteria": {
      "has_item": "2024-06-24 02:29:45 +0000"
    },
    "done": true
  },
  "minecraft:recipes/building_blocks/stone_bricks": {
    "criteria": {
      "has_stone": "2024-06-25 02:11:30 +0000"
    },
    "done": true
  },
  "naturescompass:natures_compass": {
    "criteria": {
      "has_compass": "2024-06-23 08:14:09 +0000"
    },
    "done": true
  },
  "design_decor:recipes/design_decor/metal_plate_slab_from_ingots_iron_stonecutting": {
    "criteria": {
      "has_ingots_iron": "2024-06-24 02:27:31 +0000"
    },
    "done": true
  },
  "minecraft:recipes/tools/iron_pickaxe": {
    "criteria": {
      "has_iron_ingot": "2024-06-24 02:27:31 +0000"
    },
    "done": true
  },
  "create:recipes/create.base/crafting/appliances/copper_diving_boots": {
    "criteria": {
      "has_item": "2024-06-24 02:29:45 +0000"
    },
    "done": true
  },
  "immersiveengineering:recipes/immersiveengineering/crafting/shield": {
    "criteria": {
      "has_shield": "2024-06-25 02:05:58 +0000"
    },
    "done": true
  },
  "minecraft:recipes/combat/leather_helmet": {
    "criteria": {
      "has_leather": "2024-06-24 02:34:59 +0000"
    },
    "done": true
  },
  "minecraft:recipes/decorations/crafting_table": {
    "criteria": {
      "has_planks": "2024-06-23 08:24:37 +0000"
    },
    "done": true
  },
  "enigmaticlegacy:recipes/generic/the_infinitum": {
    "criteria": {
      "is_cursed_one": "2024-06-23 08:22:29 +0000"
    },
    "done": false
  },
  "immersiveposts:recipes/immersiveposts/fence_copper": {
    "criteria": {
      "has_copper_ingot": "2024-06-24 02:29:45 +0000"
    },
    "done": true
  },
  "minecraft:recipes/building_blocks/copper_block": {
    "criteria": {
      "has_copper_ingot": "2024-06-24 02:29:45 +0000"
    },
    "done": true
  },
  "enigmaticlegacy:recipes/generic/the_acknowledgment": {
    "criteria": {
      "has_iron_ingot": "2024-06-23 08:14:09 +0000"
    },
    "done": true
  },
  "immersivepetroleum:recipes/immersivepetroleum/speedboat": {
    "criteria": {
      "has_the_recipe": "2024-06-23 08:14:09 +0000"
    },
    "done": true
  },
  "create:recipes/create.palettes/copper_shingles_from_ingots_copper_stonecutting": {
    "criteria": {
      "has_ingots_copper": "2024-06-24 02:29:45 +0000"
    },
    "done": true
  },
  "minecraft:recipes/building_blocks/chiseled_stone_bricks_stone_from_stonecutting": {
    "criteria": {
      "has_stone": "2024-06-25 02:11:30 +0000"
    },
    "done": true
  },
  "minecraft:recipes/transportation/mangrove_boat": {
    "criteria": {
      "in_water": "2024-06-23 08:32:27 +0000"
    },
    "done": true
  },
  "minecraft:recipes/tools/wooden_shovel": {
    "criteria": {
      "has_stick": "2024-06-23 08:24:41 +0000"
    },
    "done": true
  },
  "woodworks:recipes/building_blocks/spruce_stairs_from_spruce_logs_sawing": {
    "criteria": {
      "has_spruce_logs": "2024-06-24 02:48:56 +0000"
    },
    "done": true
  },
  "woodworks:recipes/decorations/jungle_ladder": {
    "criteria": {
      "has_stick": "2024-06-23 08:24:41 +0000"
    },
    "done": true
  },
  "minecraft:recipes/decorations/torch": {
    "criteria": {
      "has_the_recipe": "2024-06-23 08:30:56 +0000"
    },
    "done": true
  },
  "create:recipes/create.palettes/industrial_iron_block_from_ingots_iron_stonecutting": {
    "criteria": {
      "has_ingots_iron": "2024-06-24 02:27:31 +0000"
    },
    "done": true
  },
  "minecraft:recipes/tools/shears": {
    "criteria": {
      "has_iron_ingot": "2024-06-24 02:27:31 +0000"
    },
    "done": true
  },
  "minecraft:recipes/misc/stick": {
    "criteria": {
      "has_planks": "2024-06-23 08:24:37 +0000"
    },
    "done": true
  },
  "minecraft:recipes/building_blocks/stone_brick_slab_from_stone_stonecutting": {
    "criteria": {
      "has_stone": "2024-06-25 02:11:30 +0000"
    },
    "done": true
  },
  "forbidden_arcanus:recipes/forbidden_arcanus/deorum_lantern": {
    "criteria": {
      "has_torch": "2024-06-23 08:30:57 +0000"
    },
    "done": true
  },
  "create:recipes/create.base/crafting/kinetics/sticky_mechanical_piston": {
    "criteria": {
      "has_item": "2024-06-24 03:02:14 +0000"
    },
    "done": true
  },
  "woodworks:recipes/redstone/oak_button_from_oak_planks_sawing": {
    "criteria": {
      "has_oak_planks": "2024-06-23 08:24:37 +0000"
    },
    "done": true
  },
  "aether_redux:recipes/transportation/cloudcap_boat": {
    "criteria": {
      "in_water": "2024-06-23 08:32:27 +0000"
    },
    "done": true
  },
  "immersivepetroleum:recipes/immersivepetroleum/projector": {
    "criteria": {
      "has_the_recipe": "2024-06-23 08:14:09 +0000"
    },
    "done": true
  },
  "upgrade_aquatic:husbandry/eat_pickerelweed": {
    "criteria": {
      "blue_pickerelweed": "2024-06-24 03:04:09 +0000"
    },
    "done": true
  },
  "minecraft:recipes/combat/iron_leggings": {
    "criteria": {
      "has_iron_ingot": "2024-06-24 02:27:31 +0000"
    },
    "done": true
  },
  "handcrafted:recipes/misc/stone_pillar_trim": {
    "criteria": {
      "has_pillar_trim": "2024-06-25 02:11:30 +0000"
    },
    "done": true
  },
  "forbidden_arcanus:recipes/forbidden_arcanus/stone_blacksmith_gavel": {
    "criteria": {
      "has_stone_tool_materials": "2024-06-23 08:35:35 +0000"
    },
    "done": true
  },
  "minecraft:recipes/combat/shield": {
    "criteria": {
      "has_iron_ingot": "2024-06-24 02:27:31 +0000"
    },
    "done": true
  },
  "environmental:recipes/decorations/willow_ladder": {
    "criteria": {
      "has_stick": "2024-06-23 08:24:41 +0000"
    },
    "done": true
  },
  "woodworks:recipes/decorations/spruce_fence_from_spruce_logs_sawing": {
    "criteria": {
      "has_spruce_logs": "2024-06-24 02:48:56 +0000"
    },
    "done": true
  },
  "minecraft:recipes/building_blocks/cobblestone_slab": {
    "criteria": {
      "has_cobblestone": "2024-06-23 08:35:35 +0000"
    },
    "done": true
  },
  "aether:recipes/combat/iron_pendant": {
    "criteria": {
      "has_iron_ingot": "2024-06-24 02:27:31 +0000"
    },
    "done": true
  },
  "create:recipes/create.base/crafting/kinetics/metal_bracket": {
    "criteria": {
      "has_item": "2024-06-24 03:02:14 +0000"
    },
    "done": true
  },
  "farmersrespite:recipes/farmersrespite/brewing/dandelion_tea": {
    "criteria": {
      "has_any_ingredient": "2024-06-23 08:43:14 +0000"
    },
    "done": true
  },
  "environmental:recipes/building_blocks/dirt_tile_stairs_from_dirt_stonecutting": {
    "criteria": {
      "has_dirt": "2024-06-23 08:45:58 +0000"
    },
    "done": true
  },
  "enigmaticlegacy:book/soul_loss": {
    "criteria": {
      "incompletable": "2024-06-23 08:25:04 +0000",
      "is_cursed_one": "2024-06-23 08:22:29 +0000"
    },
    "done": true
  },
  "create:recipes/create.base/crafting/materials/copper_nugget": {
    "criteria": {
      "has_item": "2024-06-24 02:29:45 +0000"
    },
    "done": true
  },
  "design_decor:recipes/design_decor/diagonal_metal_support_from_ingots_iron_stonecutting": {
    "criteria": {
      "has_ingots_iron": "2024-06-24 02:27:31 +0000"
    },
    "done": true
  },
  "minecraft:recipes/redstone/hopper": {
    "criteria": {
      "has_iron_ingot": "2024-06-24 02:27:31 +0000"
    },
    "done": true
  },
  "woodworks:recipes/building_blocks/spruce_slab_from_spruce_logs_sawing": {
    "criteria": {
      "has_spruce_logs": "2024-06-24 02:48:56 +0000"
    },
    "done": true
  },
  "create:recipes/building_blocks/andesite_from_stone_types_andesite_stonecutting": {
    "criteria": {
      "has_stone_types_andesite": "2024-06-24 03:02:20 +0000"
    },
    "done": true
  },
  "woodworks:recipes/decorations/oak_ladder_from_oak_logs_sawing": {
    "criteria": {
      "has_oak_logs": "2024-06-23 08:23:42 +0000"
    },
    "done": true
  },
  "iter_rpg:iter_root": {
    "criteria": {
      "iter_root": "2024-06-23 08:14:09 +0000"
    },
    "done": true
  },
  "naturescompass:natures_compass_sapling": {
    "criteria": {
      "has_recipe": "2024-06-23 08:14:09 +0000"
    },
    "done": true
  },
  "farmersrespite:recipes/farmersrespite/brewing/apple_cider": {
    "criteria": {
      "has_apple": "2024-06-24 03:07:37 +0000"
    },
    "done": true
  },
  "create:recipes/create.base/crafting/kinetics/basin": {
    "criteria": {
      "has_item": "2024-06-24 03:02:14 +0000"
    },
    "done": true
  },
  "farmersdelight:recipes/farmersdelight/cooking/vegetable_noodles": {
    "criteria": {
      "has_any_ingredient": "2024-06-24 02:27:59 +0000"
    },
    "done": true
  },
  "biomesoplenty:recipes/transportation/cherry_boat": {
    "criteria": {
      "in_water": "2024-06-23 08:32:27 +0000"
    },
    "done": true
  },
  "enigmaticlegacy:recipes/generic/twisted_mirror": {
    "criteria": {
      "is_cursed_one": "2024-06-23 08:22:29 +0000"
    },
    "done": false
  },
  "biomesoplenty:recipes/transportation/fir_boat": {
    "criteria": {
      "in_water": "2024-06-23 08:32:27 +0000"
    },
    "done": true
  },
  "create:recipes/create.palettes/andesite_ladder_from_andesite_alloy_stonecutting": {
    "criteria": {
      "has_andesite_alloy": "2024-06-24 03:02:14 +0000"
    },
    "done": true
  },
  "create:recipes/create.base/crafting/kinetics/mechanical_mixer": {
    "criteria": {
      "has_item": "2024-06-24 03:02:14 +0000"
    },
    "done": true
  },
  "woodworks:recipes/decorations/crimson_ladder": {
    "criteria": {
      "has_stick": "2024-06-23 08:24:41 +0000"
    },
    "done": true
  },
  "minecraft:recipes/combat/leather_leggings": {
    "criteria": {
      "has_leather": "2024-06-24 02:34:59 +0000"
    },
    "done": true
  },
  "idas:idas_root": {
    "criteria": {
      "always": "2024-06-23 08:14:09 +0000"
    },
    "done": true
  },
  "environmental:recipes/building_blocks/dirt_bricks": {
    "criteria": {
      "has_dirt": "2024-06-23 08:45:58 +0000"
    },
    "done": true
  },
  "immersivepetroleum:recipes/immersivepetroleum/asphalt": {
    "criteria": {
      "has_the_recipe": "2024-06-23 08:14:09 +0000"
    },
    "done": true
  },
  "aether_redux:recipes/transportation/blightwillow_boat": {
    "criteria": {
      "in_water": "2024-06-23 08:32:27 +0000"
    },
    "done": true
  },
  "incendium:technical/using/trailblazer": {
    "criteria": {
      "log_spam_fixer": "2024-06-23 08:14:09 +0000"
    },
    "done": false
  },
  "design_decor:recipes/design_decor/metal_plate_from_ingots_iron_stonecutting": {
    "criteria": {
      "has_ingots_iron": "2024-06-24 02:27:31 +0000"
    },
    "done": true
  },
  "create:recipes/create.palettes/cut_andesite_bricks_from_stone_types_andesite_stonecutting": {
    "criteria": {
      "has_stone_types_andesite": "2024-06-24 03:02:20 +0000"
    },
    "done": true
  },
  "minecraft:recipes/building_blocks/stone_stairs_from_stone_stonecutting": {
    "criteria": {
      "has_stone": "2024-06-25 02:11:30 +0000"
    },
    "done": true
  },
  "enigmaticlegacy:recipes/generic/desolation_ring": {
    "criteria": {
      "is_cursed_one": "2024-06-23 08:22:29 +0000"
    },
    "done": false
  },
  "clayworks:recipes/building_blocks/stone_from_baking": {
    "criteria": {
      "has_cobblestone": "2024-06-23 08:35:35 +0000"
    },
    "done": true
  },
  "minecraft:recipes/decorations/iron_bars": {
    "criteria": {
      "has_iron_ingot": "2024-06-24 02:27:31 +0000"
    },
    "done": true
  },
  "minecraft:recipes/building_blocks/andesite_stairs_from_andesite_stonecutting": {
    "criteria": {
      "has_andesite": "2024-06-24 03:02:20 +0000"
    },
    "done": true
  },
  "takesapillage:root": {
    "criteria": {
      "always": "2024-06-23 08:14:09 +0000"
    },
    "done": true
  },
  "incendium:technical/scroll_of_returning": {
    "criteria": {
      "log_spam_fixer": "2024-06-23 08:14:09 +0000"
    },
    "done": false
  },
  "extendedgears:recipes/create.base/crafting/piston_extension_pole": {
    "criteria": {
      "has_item": "2024-06-24 03:02:14 +0000"
    },
    "done": true
  },
  "immersiveengineering:recipes/immersiveengineering/crafting/coil_mv": {
    "criteria": {
      "has_iron_ingot": "2024-06-24 02:27:31 +0000"
    },
    "done": true
  },
  "create:recipes/create.base/crafting/kinetics/gantry_shaft": {
    "criteria": {
      "has_item": "2024-06-24 03:02:14 +0000"
    },
    "done": true
  },
  "immersivepetroleum:recipes/building_blocks/exposed_cut_copper_stairs_paraffin_waxed": {
    "criteria": {
      "has_the_recipe": "2024-06-23 08:14:09 +0000"
    },
    "done": true
  },
  "minecraft:story/obtain_armor": {
    "criteria": {
      "iron_chestplate": "2024-06-24 02:34:09 +0000"
    },
    "done": true
  },
  "woodworks:recipes/decorations/birch_chest": {
    "criteria": {
      "has_lots_of_items": "2024-06-23 08:30:23 +0000"
    },
    "done": true
  },
  "biomesoplenty:biomesoplenty/all_biomes": {
    "criteria": {
      "maple_woods": "2024-06-23 08:14:09 +0000",
      "field": "2024-06-23 08:43:52 +0000",
      "glowing_grotto": "2024-06-23 08:41:35 +0000"
    },
    "done": false
  },
  "woodworks:recipes/decorations/oak_ladder_from_oak_planks_sawing": {
    "criteria": {
      "has_oak_planks": "2024-06-23 08:24:37 +0000"
    },
    "done": true
  },
  "enigmaticlegacy:book/accessories/iron_ring": {
    "criteria": {
      "has_the_recipe": "2024-06-24 02:27:31 +0000"
    },
    "done": true
  },
  "enigmaticlegacy:recipes/generic/soul_compass": {
    "criteria": {
      "is_cursed_one": "2024-06-23 08:22:29 +0000"
    },
    "done": false
  },
  "undead_unleashed:shards_of_the_past": {
    "criteria": {
      "shards_of_the_past": "2024-06-23 08:33:57 +0000"
    },
    "done": true
  },
  "handcrafted:recipes/misc/stone_corner_trim": {
    "criteria": {
      "has_corner_trim": "2024-06-25 02:11:30 +0000"
    },
    "done": true
  },
  "twigs:recipes/cobblestone_from_pebble": {
    "criteria": {
      "has_item": "2024-06-24 02:45:23 +0000"
    },
    "done": true
  },
  "minecraft:recipes/building_blocks/spruce_planks": {
    "criteria": {
      "has_logs": "2024-06-24 02:48:56 +0000"
    },
    "done": true
  },
  "minecraft:recipes/building_blocks/cobblestone_slab_from_cobblestone_stonecutting": {
    "criteria": {
      "has_cobblestone": "2024-06-23 08:35:35 +0000"
    },
    "done": true
  },
  "design_decor:recipes/design_decor/andesite_castel_brick_slab_from_stone_types_andesite_stonecutting": {
    "criteria": {
      "has_stone_types_andesite": "2024-06-24 03:02:20 +0000"
    },
    "done": true
  },
  "environmental:recipes/transportation/pine_boat": {
    "criteria": {
      "in_water": "2024-06-23 08:32:27 +0000"
    },
    "done": true
  },
  "shieldexp:recipes/iron_shield": {
    "criteria": {
      "has_iron_ingot": "2024-06-24 02:27:31 +0000"
    },
    "done": true
  },
  "minecraft:recipes/building_blocks/oak_stairs": {
    "criteria": {
      "has_planks": "2024-06-23 08:24:37 +0000"
    },
    "done": true
  },
  "immersiveengineering:recipes/immersiveengineering/crafting/coil_lv": {
    "criteria": {
      "has_iron_ingot": "2024-06-24 02:27:31 +0000"
    },
    "done": true
  },
  "minecraft:recipes/building_blocks/polished_andesite_slab_from_andesite_stonecutting": {
    "criteria": {
      "has_andesite": "2024-06-24 03:02:20 +0000"
    },
    "done": true
  },
  "immersivepetroleum:recipes/building_blocks/exposed_cut_copper_paraffin_waxed": {
    "criteria": {
      "has_the_recipe": "2024-06-23 08:14:09 +0000"
    },
    "done": true
  },
  "create:recipes/create.palettes/polished_cut_andesite_from_stone_types_andesite_stonecutting": {
    "criteria": {
      "has_stone_types_andesite": "2024-06-24 03:02:20 +0000"
    },
    "done": true
  },
  "minecraft:recipes/transportation/acacia_boat": {
    "criteria": {
      "in_water": "2024-06-23 08:32:27 +0000"
    },
    "done": true
  },
  "minecraft:recipes/misc/copper_ingot_from_blasting_raw_copper": {
    "criteria": {
      "has_raw_copper": "2024-06-23 08:38:23 +0000"
    },
    "done": true
  },
  "minecraft:recipes/redstone/iron_trapdoor": {
    "criteria": {
      "has_iron_ingot": "2024-06-24 02:27:31 +0000"
    },
    "done": true
  },
  "farmersdelight:recipes/farmersdelight/cutting_board": {
    "criteria": {
      "has_stick": "2024-06-23 08:24:41 +0000"
    },
    "done": true
  },
  "design_decor:recipes/design_decor/andesite_castel_tile_slab_from_stone_types_andesite_stonecutting": {
    "criteria": {
      "has_stone_types_andesite": "2024-06-24 03:02:20 +0000"
    },
    "done": true
  },
  "immersiveengineering:recipes/immersiveengineering/crafting/toolbox": {
    "criteria": {
      "has_iron_ingot": "2024-06-24 02:27:31 +0000"
    },
    "done": true
  },
  "minecraft:adventure/root": {
    "criteria": {
      "killed_something": "2024-06-23 08:30:01 +0000"
    },
    "done": true
  },
  "woodworks:recipes/decorations/acacia_chest": {
    "criteria": {
      "has_lots_of_items": "2024-06-23 08:30:23 +0000"
    },
    "done": true
  },
  "immersiveposts:recipes/immersiveposts/postbase": {
    "criteria": {
      "has_cobblestone": "2024-06-23 08:35:35 +0000"
    },
    "done": true
  },
  "aether:recipes/combat/iron_gloves": {
    "criteria": {
      "has_iron": "2024-06-24 02:27:31 +0000"
    },
    "done": true
  },
  "immersiveengineering:recipes/immersiveengineering/crafting/plate_iron_hammering": {
    "criteria": {
      "has_iron_ingot": "2024-06-24 02:27:31 +0000"
    },
    "done": true
  },
  "minecraft:recipes/building_blocks/stone_brick_stairs_from_stone_stonecutting": {
    "criteria": {
      "has_stone": "2024-06-25 02:11:30 +0000"
    },
    "done": true
  },
  "shieldexp:recipes/wooden_shield": {
    "criteria": {
      "has_stick": "2024-06-23 08:24:41 +0000"
    },
    "done": true
  },
  "minecraft:recipes/building_blocks/white_wool_from_string": {
    "criteria": {
      "has_string": "2024-06-24 02:41:24 +0000"
    },
    "done": true
  },
  "environmental:recipes/decorations/dirt_tile_wall_from_dirt_stonecutting": {
    "criteria": {
      "has_dirt": "2024-06-23 08:45:58 +0000"
    },
    "done": true
  },
  "woodworks:recipes/redstone/spruce_door_from_spruce_logs_sawing": {
    "criteria": {
      "has_spruce_logs": "2024-06-24 02:48:56 +0000"
    },
    "done": true
  },
  "create:recipes/create.palettes/small_andesite_brick_stairs_from_stone_types_andesite_stonecutting": {
    "criteria": {
      "has_stone_types_andesite": "2024-06-24 03:02:20 +0000"
    },
    "done": true
  },
  "minecraft:recipes/redstone/lightning_rod": {
    "criteria": {
      "has_copper_ingot": "2024-06-24 02:29:45 +0000"
    },
    "done": true
  },
  "minecraft:adventure/kill_all_mobs": {
    "criteria": {
      "minecraft:zombie": "2024-06-24 02:50:20 +0000"
    },
    "done": false
  },
  "create:recipes/create.base/crafting/kinetics/water_wheel": {
    "criteria": {
      "has_item": "2024-06-24 03:02:14 +0000"
    },
    "done": true
  },
  "chalk:recipes/tools/chalk_box": {
    "criteria": {
      "has_slimeball": "2024-06-24 02:51:02 +0000"
    },
    "done": true
  },
  "twigs:recipes/cobblestone_bricks/cobblestone_brick_slab_from_cobblestone_stonecutting": {
    "criteria": {
      "has_item": "2024-06-23 08:35:35 +0000"
    },
    "done": true
  },
  "farmersdelight:recipes/farmersdelight/cooking_pot": {
    "criteria": {
      "has_iron_ingot": "2024-06-24 02:27:31 +0000"
    },
    "done": true
  },
  "sophisticatedstorage:recipes/sophisticatedstorage/oak_chest": {
    "criteria": {
      "has_oak_plank": "2024-06-23 08:24:37 +0000"
    },
    "done": true
  },
  "create:recipes/create.base/crafting/materials/andesite_alloy_from_block": {
    "criteria": {
      "has_item": "2024-06-24 03:02:14 +0000"
    },
    "done": true
  },
  "create:recipes/create.base/crafting/kinetics/radial_chassis": {
    "criteria": {
      "has_item": "2024-06-24 03:02:14 +0000"
    },
    "done": true
  },
  "immersiveengineering:recipes/immersiveengineering/crafting/wirecutter": {
    "criteria": {
      "has_iron_ingot": "2024-06-24 02:27:31 +0000"
    },
    "done": true
  },
  "create:recipes/create.base/crafting/kinetics/cart_assembler": {
    "criteria": {
      "has_item": "2024-06-24 03:02:14 +0000"
    },
    "done": true
  },
  "minecraft:recipes/misc/iron_nugget_from_smelting": {
    "criteria": {
      "has_iron_chestplate": "2024-06-24 02:34:09 +0000"
    },
    "done": true
  },
  "aether_redux:recipes/transportation/crystal_boat": {
    "criteria": {
      "in_water": "2024-06-23 08:32:27 +0000"
    },
    "done": true
  },
  "extendedgears:recipes/extendedgears/crafting/small_large_shaftless_cogwheel_to_large/large_shaftless_cogwheel": {
    "criteria": {
      "has_item": "2024-06-24 03:02:14 +0000"
    },
    "done": true
  },
  "brewinandchewin:recipes/brewinandchewin/fermenting/jerky": {
    "criteria": {
      "has_any_ingredient": "2024-06-24 02:50:21 +0000"
    },
    "done": true
  },
  "minecraft:recipes/decorations/chain": {
    "criteria": {
      "has_iron_ingot": "2024-06-24 02:27:31 +0000"
    },
    "done": true
  },
  "immersiveengineering:recipes/immersiveengineering/crafting/screwdriver": {
    "criteria": {
      "has_iron_ingot": "2024-06-24 02:27:31 +0000"
    },
    "done": true
  },
  "aether_redux:recipes/transportation/fieldsproot_boat": {
    "criteria": {
      "in_water": "2024-06-23 08:32:27 +0000"
    },
    "done": true
  },
  "thinair:protection_from_yellow": {
    "criteria": {
      "protecc": "2024-06-23 08:34:37 +0000"
    },
    "done": true
  },
  "immersiveposts:recipes/immersiveposts/has_copper_rod": {
    "criteria": {
      "has_copper_ingot": "2024-06-24 02:29:45 +0000"
    },
    "done": true
  },
  "create:recipes/create.palettes/cut_andesite_brick_wall_from_stone_types_andesite_stonecutting": {
    "criteria": {
      "has_stone_types_andesite": "2024-06-24 03:02:20 +0000"
    },
    "done": true
  },
  "minecraft:recipes/decorations/oak_fence": {
    "criteria": {
      "has_planks": "2024-06-23 08:24:37 +0000"
    },
    "done": true
  },
  "aether:recipes/tools/aether_saddle": {
    "criteria": {
      "has_leather": "2024-06-24 02:34:59 +0000"
    },
    "done": true
  },
  "create:recipes/create.base/crafting/appliances/clipboard": {
    "criteria": {
      "has_item": "2024-06-24 03:02:14 +0000"
    },
    "done": true
  },
  "farmersdelight:recipes/farmersdelight/cooking/apple_cider": {
    "criteria": {
      "has_apple": "2024-06-24 03:07:37 +0000"
    },
    "done": true
  },
  "design_decor:recipes/design_decor/metal_sheet_wall_from_ingots_iron_stonecutting": {
    "criteria": {
      "has_ingots_iron": "2024-06-24 02:27:31 +0000"
    },
    "done": true
  },
  "minecraft:recipes/food/cooked_cod_from_campfire_cooking": {
    "criteria": {
      "has_cod": "2024-06-24 02:55:08 +0000"
    },
    "done": true
  },
  "immersiveengineering:recipes/immersiveengineering/crafting/connector_hv_relay": {
    "criteria": {
      "has_aluminum_ingot": "2024-06-24 02:27:31 +0000"
    },
    "done": true
  },
  "environmental:recipes/building_blocks/dirt_brick_stairs_from_dirt_stonecutting": {
    "criteria": {
      "has_dirt": "2024-06-23 08:45:58 +0000"
    },
    "done": true
  },
  "minecraft:recipes/building_blocks/oak_slab": {
    "criteria": {
      "has_planks": "2024-06-23 08:24:37 +0000"
    },
    "done": true
  },
  "aether:recipes/tools/wooden_shovel_repairing": {
    "criteria": {
      "has_wooden_shovel": "2024-06-24 02:29:35 +0000"
    },
    "done": true
  },
  "cgm:recipes/cgm/mini_gun": {
    "criteria": {
      "has_iron_ingot": "2024-06-24 02:27:31 +0000"
    },
    "done": true
  },
  "immersivepetroleum:recipes/immersivepetroleum/upgrade_tank": {
    "criteria": {
      "has_the_recipe": "2024-06-23 08:14:09 +0000"
    },
    "done": true
  },
  "aether:recipes/redstone/skyroot_tripwire_hook": {
    "criteria": {
      "has_string": "2024-06-24 02:41:24 +0000"
    },
    "done": true
  },
  "create:recipes/create.base/crafting/kinetics/shaft": {
    "criteria": {
      "has_item": "2024-06-24 03:02:14 +0000"
    },
    "done": true
  },
  "minecraft:recipes/building_blocks/raw_copper_block": {
    "criteria": {
      "has_raw_copper": "2024-06-23 08:38:23 +0000"
    },
    "done": true
  },
  "enigmaticlegacy:book/brewing/twisted_potion": {
    "criteria": {
      "is_cursed_one": "2024-06-23 08:22:29 +0000"
    },
    "done": false
  },
  "environmental:recipes/decorations/cherry_ladder": {
    "criteria": {
      "has_stick": "2024-06-23 08:24:41 +0000"
    },
    "done": true
  },
  "woodworks:recipes/redstone/oak_trapdoor_from_oak_logs_sawing": {
    "criteria": {
      "has_oak_logs": "2024-06-23 08:23:42 +0000"
    },
    "done": true
  },
  "design_decor:recipes/design_decor/andesite_castel_bricks_from_stone_types_andesite_stonecutting": {
    "criteria": {
      "has_stone_types_andesite": "2024-06-24 03:02:20 +0000"
    },
    "done": true
  },
  "biomesoplenty:recipes/misc/purple_dye_from_violet": {
    "criteria": {
      "has_flower": "2024-06-23 08:39:00 +0000"
    },
    "done": true
  },
  "biomesoplenty:recipes/transportation/umbran_boat": {
    "criteria": {
      "in_water": "2024-06-23 08:32:27 +0000"
    },
    "done": true
  },
  "minecraft:recipes/food/cooked_salmon_from_smoking": {
    "criteria": {
      "has_salmon": "2024-06-24 02:42:49 +0000"
    },
    "done": true
  },
  "create:andesite_alloy": {
    "criteria": {
      "0": "2024-06-24 03:02:14 +0000"
    },
    "done": true
  },
  "pyrologernfriends:pyrologer_and_friends": {
    "criteria": {
      "pyrologer_and_friends": "2024-06-23 08:14:08 +0000"
    },
    "done": true
  },
  "create:recipes/create.palettes/andesite_scaffolding_from_andesite_alloy_stonecutting": {
    "criteria": {
      "has_andesite_alloy": "2024-06-24 03:02:14 +0000"
    },
    "done": true
  },
  "immersiveengineering:recipes/immersiveengineering/crafting/rs_engineering": {
    "criteria": {
      "has_copper_ingot": "2024-06-24 02:29:45 +0000"
    },
    "done": true
  },
  "thinair:signal_torch": {
    "criteria": {
      "use": "2024-06-23 08:46:04 +0000"
    },
    "done": true
  },
  "minecraft:recipes/redstone/slime_block": {
    "criteria": {
      "has_slime_ball": "2024-06-24 02:51:02 +0000"
    },
    "done": true
  },
  "aether:recipes/decorations/skyroot_loom": {
    "criteria": {
      "has_string": "2024-06-24 02:41:24 +0000"
    },
    "done": true
  },
  "immersivepetroleum:recipes/building_blocks/weathered_copper_paraffin_waxed": {
    "criteria": {
      "has_the_recipe": "2024-06-23 08:14:09 +0000"
    },
    "done": true
  },
  "immersiveengineering:recipes/immersiveengineering/crafting/plate_copper_hammering": {
    "criteria": {
      "has_copper_ingot": "2024-06-24 02:29:45 +0000"
    },
    "done": true
  },
  "toms_storage:unlock_netherite": {
    "criteria": {
      "inv_changed-netherite": "2024-06-23 08:14:09 +0000"
    },
    "done": true
  },
  "farmersdelight:recipes/farmersdelight/cooking/baked_cod_stew": {
    "criteria": {
      "has_any_ingredient": "2024-06-24 02:55:08 +0000"
    },
    "done": true
  },
  "immersivepetroleum:recipes/building_blocks/oxidized_cut_copper_slab_paraffin_waxed": {
    "criteria": {
      "has_the_recipe": "2024-06-23 08:14:09 +0000"
    },
    "done": true
  },
  "minecraft:recipes/building_blocks/iron_block": {
    "criteria": {
      "has_iron_ingot": "2024-06-24 02:27:31 +0000"
    },
    "done": true
  },
  "woodworks:recipes/decorations/birch_ladder": {
    "criteria": {
      "has_stick": "2024-06-23 08:24:41 +0000"
    },
    "done": true
  },
  "create:recipes/create.base/crafting/kinetics/copper_valve_handle_from_others": {
    "criteria": {
      "has_item": "2024-06-24 02:29:45 +0000"
    },
    "done": true
  },
  "create:recipes/create.base/crafting/kinetics/steam_engine": {
    "criteria": {
      "has_item": "2024-06-24 02:29:45 +0000"
    },
    "done": true
  },
  "woodworks:recipes/decorations/sawmill": {
    "criteria": {
      "has_planks": "2024-06-23 08:24:37 +0000"
    },
    "done": true
  },
  "design_decor:recipes/design_decor/metal_sheet_from_ingots_iron_stonecutting": {
    "criteria": {
      "has_ingots_iron": "2024-06-24 02:27:31 +0000"
    },
    "done": true
  },
  "minecraft:recipes/building_blocks/spruce_wood": {
    "criteria": {
      "has_log": "2024-06-24 02:48:56 +0000"
    },
    "done": true
  },
  "mowziesmobs:root": {
    "criteria": {
      "custom_test_name": "2024-06-23 08:14:09 +0000"
    },
    "done": true
  },
  "immersivepetroleum:recipes/building_blocks/weathered_cut_copper_slab_paraffin_waxed": {
    "criteria": {
      "has_the_recipe": "2024-06-23 08:14:09 +0000"
    },
    "done": true
  },
  "woodworks:recipes/decorations/warped_ladder": {
    "criteria": {
      "has_stick": "2024-06-23 08:24:41 +0000"
    },
    "done": true
  },
  "minecraft:recipes/misc/yellow_dye_from_dandelion": {
    "criteria": {
      "has_dandelion": "2024-06-23 08:43:14 +0000"
    },
    "done": true
  },
  "create:recipes/create.base/crafting/kinetics/cuckoo_clock": {
    "criteria": {
      "has_item": "2024-06-24 03:02:14 +0000"
    },
    "done": true
  },
  "aether:recipes/decorations/skyroot_smithing_table": {
    "criteria": {
      "has_iron_ingot": "2024-06-24 02:27:31 +0000"
    },
    "done": true
  },
  "create:recipes/create.base/crafting/materials/andesite_alloy": {
    "criteria": {
      "has_item": "2024-06-24 02:27:31 +0000"
    },
    "done": true
  },
  "immersivepetroleum:recipes/immersivepetroleum/seismic_survey_tool": {
    "criteria": {
      "has_the_recipe": "2024-06-23 08:14:09 +0000"
    },
    "done": true
  },
  "create:recipes/create.base/crafting/kinetics/large_cogwheel_from_little": {
    "criteria": {
      "has_item": "2024-06-24 03:02:14 +0000"
    },
    "done": true
  },
  "minecraft:recipes/combat/wooden_sword": {
    "criteria": {
      "has_stick": "2024-06-23 08:24:41 +0000"
    },
    "done": true
  },
  "create:recipes/create.base/crafting/kinetics/large_cogwheel": {
    "criteria": {
      "has_item": "2024-06-24 03:02:14 +0000"
    },
    "done": true
  },
  "minecraft:recipes/building_blocks/oak_planks": {
    "criteria": {
      "has_logs": "2024-06-23 08:23:42 +0000"
    },
    "done": true
  },
  "goodending:recipes/cypress_boat": {
    "criteria": {
      "in_water": "2024-06-23 08:32:27 +0000"
    },
    "done": true
  },
  "design_decor:recipes/design_decor/metal_plate_stairs_from_ingots_iron_stonecutting": {
    "criteria": {
      "has_ingots_iron": "2024-06-24 02:27:31 +0000"
    },
    "done": true
  },
  "cgm:recipes/cgm/assault_rifle": {
    "criteria": {
      "has_iron_ingot": "2024-06-24 02:27:31 +0000"
    },
    "done": true
  },
  "immersivepetroleum:recipes/immersivepetroleum/auto_lubricator": {
    "criteria": {
      "has_the_recipe": "2024-06-23 08:14:09 +0000"
    },
    "done": true
  },
  "immersivepetroleum:recipes/immersivepetroleum/upgrade_paddles": {
    "criteria": {
      "has_the_recipe": "2024-06-23 08:14:09 +0000"
    },
    "done": true
  },
  "minecraft:recipes/tools/iron_axe": {
    "criteria": {
      "has_iron_ingot": "2024-06-24 02:27:31 +0000"
    },
    "done": true
  },
  "immersiveengineering:recipes/immersiveengineering/crafting/wire_copper": {
    "criteria": {
      "has_copper_ingot": "2024-06-24 02:29:45 +0000"
    },
    "done": true
  },
  "create:recipes/create.palettes/cut_andesite_stairs_from_stone_types_andesite_stonecutting": {
    "criteria": {
      "has_stone_types_andesite": "2024-06-24 03:02:20 +0000"
    },
    "done": true
  },
  "cgm:recipes/cgm/basic_bullet": {
    "criteria": {
      "has_copper_ingot": "2024-06-24 02:29:45 +0000"
    },
    "done": true
  },
  "immersivepetroleum:recipes/immersivepetroleum/flarestack": {
    "criteria": {
      "has_the_recipe": "2024-06-23 08:14:09 +0000"
    },
    "done": true
  },
  "woodworks:recipes/building_blocks/oak_slab_from_oak_planks_sawing": {
    "criteria": {
      "has_oak_planks": "2024-06-23 08:24:37 +0000"
    },
    "done": true
  },
  "minecraft:recipes/redstone/tripwire_hook": {
    "criteria": {
      "has_string": "2024-06-24 02:41:24 +0000"
    },
    "done": true
  },
  "minecraft:recipes/combat/iron_boots": {
    "criteria": {
      "has_iron_ingot": "2024-06-24 02:27:31 +0000"
    },
    "done": true
  },
  "minecraft:recipes/misc/bone_meal": {
    "criteria": {
      "has_bone": "2024-06-23 08:32:22 +0000"
    },
    "done": true
  },
  "immersivepetroleum:recipes/immersivepetroleum/molotov_fabric": {
    "criteria": {
      "has_the_recipe": "2024-06-23 08:14:09 +0000"
    },
    "done": true
  },
  "miners_delight:recipes/miners_delight/cooking/stuffed_squid": {
    "criteria": {
      "has_any_ingredient": "2024-06-25 02:00:34 +0000"
    },
    "done": true
  },
  "minecraft:story/iron_tools": {
    "criteria": {
      "iron_pickaxe": "2024-06-24 02:38:50 +0000"
    },
    "done": true
  },
  "forbidden_arcanus:recipes/forbidden_arcanus/aurum_chest_boat": {
    "criteria": {
      "has_chest": "2024-06-25 02:07:25 +0000"
    },
    "done": true
  },
  "aether:recipes/tools/stone_shovel_repairing": {
    "criteria": {
      "has_stone_shovel": "2024-06-24 03:04:37 +0000"
    },
    "done": true
  },
  "forbidden_arcanus:recipes/misc/clibano_combustion/copper_ingot_from_clibano_combusting_raw_copper": {
    "criteria": {
      "has_item": "2024-06-23 08:38:23 +0000"
    },
    "done": true
  },
  "farmersdelight:recipes/farmersdelight/iron_knife": {
    "criteria": {
      "has_iron_ingot": "2024-06-24 02:27:31 +0000"
    },
    "done": true
  },
  "create:recipes/create.base/crafting/logistics/andesite_tunnel": {
    "criteria": {
      "has_item": "2024-06-24 03:02:14 +0000"
    },
    "done": true
  },
  "minecraft:recipes/redstone/stone_button": {
    "criteria": {
      "has_stone": "2024-06-25 02:11:30 +0000"
    },
    "done": true
  },
  "minecraft:recipes/combat/crossbow": {
    "criteria": {
      "has_stick": "2024-06-23 08:24:41 +0000"
    },
    "done": true
  },
  "minecraft:recipes/combat/iron_chestplate": {
    "criteria": {
      "has_iron_ingot": "2024-06-24 02:27:31 +0000"
    },
    "done": true
  },
  "sophisticatedbackpacks:recipes/sophisticatedbackpacks/upgrade_base": {
    "criteria": {
      "has_leather": "2024-06-24 02:34:59 +0000"
    },
    "done": true
  },
  "create:recipes/create.base/crafting/kinetics/wrench": {
    "criteria": {
      "has_item": "2024-06-24 03:02:14 +0000"
    },
    "done": true
  },
  "create:recipes/create.palettes/polished_cut_andesite_stairs_from_stone_types_andesite_stonecutting": {
    "criteria": {
      "has_stone_types_andesite": "2024-06-24 03:02:20 +0000"
    },
    "done": true
  },
  "immersivepetroleum:recipes/immersiveengineering/ersatz_leather": {
    "criteria": {
      "has_the_recipe": "2024-06-23 08:14:09 +0000"
    },
    "done": true
  },
  "minecraft:recipes/decorations/oak_sign": {
    "criteria": {
      "has_planks": "2024-06-23 08:24:37 +0000"
    },
    "done": true
  },
  "farmersdelight:recipes/farmersdelight/cooking/fish_stew": {
    "criteria": {
      "has_any_ingredient": "2024-06-24 02:42:49 +0000"
    },
    "done": true
  },
  "woodworks:recipes/redstone/oak_pressure_plate_from_oak_logs_sawing": {
    "criteria": {
      "has_oak_logs": "2024-06-23 08:23:42 +0000"
    },
    "done": true
  },
  "minecraft:recipes/redstone/oak_trapdoor": {
    "criteria": {
      "has_planks": "2024-06-23 08:24:37 +0000"
    },
    "done": true
  },
  "tetra:recipes/string": {
    "criteria": {
      "got_string": "2024-06-24 02:41:24 +0000"
    },
    "done": true
  },
  "create:recipes/create.palettes/copper_ladder_from_ingots_copper_stonecutting": {
    "criteria": {
      "has_ingots_copper": "2024-06-24 02:29:45 +0000"
    },
    "done": true
  },
  "immersiveposts:recipes/immersiveposts/fence_iron": {
    "criteria": {
      "has_iron_ingot": "2024-06-24 02:27:31 +0000"
    },
    "done": true
  },
  "create:recipes/create.base/crafting/kinetics/empty_blaze_burner": {
    "criteria": {
      "has_item": "2024-06-24 02:27:31 +0000"
    },
    "done": true
  },
  "environmental:recipes/decorations/pine_ladder": {
    "criteria": {
      "has_stick": "2024-06-23 08:24:41 +0000"
    },
    "done": true
  },
  "minecraft:recipes/misc/iron_nugget_from_blasting": {
    "criteria": {
      "has_iron_chestplate": "2024-06-24 02:34:09 +0000"
    },
    "done": true
  },
  "sophisticatedbackpacks:recipes/sophisticatedbackpacks/backpack": {
    "criteria": {
      "has_leather": "2024-06-24 02:34:59 +0000"
    },
    "done": true
  },
  "immersivepetroleum:recipes/building_blocks/cut_copper_slab_paraffin_waxed": {
    "criteria": {
      "has_the_recipe": "2024-06-23 08:14:09 +0000"
    },
    "done": true
  },
  "create:recipes/create.base/crafting/kinetics/chute": {
    "criteria": {
      "has_item": "2024-06-24 03:02:14 +0000"
    },
    "done": true
  },
  "lootr:root": {
    "criteria": {
      "always_true": "2024-06-23 08:14:09 +0000"
    },
    "done": true
  },
  "minecraft:adventure/kill_a_mob": {
    "criteria": {
      "minecraft:zombie": "2024-06-24 02:50:20 +0000"
    },
    "done": true
  },
  "extendedgears:recipes/extendedgears/crafting/large_half_shaft_cogwheel": {
    "criteria": {
      "has_item": "2024-06-24 03:02:14 +0000"
    },
    "done": true
  },
  "create:recipes/create.palettes/small_andesite_bricks_from_stone_types_andesite_stonecutting": {
    "criteria": {
      "has_stone_types_andesite": "2024-06-24 03:02:20 +0000"
    },
    "done": true
  },
  "environmental:recipes/decorations/wisteria_ladder": {
    "criteria": {
      "has_stick": "2024-06-23 08:24:41 +0000"
    },
    "done": true
  },
  "create:recipes/create.palettes/crafting/kinetics/metal_girder": {
    "criteria": {
      "has_item": "2024-06-24 03:02:14 +0000"
    },
    "done": true
  },
  "minecraft:recipes/redstone/sticky_piston": {
    "criteria": {
      "has_slime_ball": "2024-06-24 02:51:02 +0000"
    },
    "done": true
  },
  "toms_storage:unlock_glowstone": {
    "criteria": {
      "inv_changed-glowstone": "2024-06-23 08:14:09 +0000"
    },
    "done": true
  },
  "minecraft:recipes/building_blocks/stone": {
    "criteria": {
      "has_cobblestone": "2024-06-23 08:35:35 +0000"
    },
    "done": true
  },
  "biomesoplenty:recipes/transportation/hellbark_boat": {
    "criteria": {
      "in_water": "2024-06-23 08:32:27 +0000"
    },
    "done": true
  },
  "enigmaticlegacy:book/accessories/ender_ring": {
    "criteria": {
      "is_cursed_one": "2024-06-23 08:22:29 +0000"
    },
    "done": true
  },
  "minecraft:recipes/decorations/stonecutter": {
    "criteria": {
      "has_stone": "2024-06-25 02:11:30 +0000"
    },
    "done": true
  },
  "minecraft:adventure/adventuring_time": {
    "criteria": {
      "minecraft:river": "2024-06-23 08:17:02 +0000",
      "atmospheric:aspen_parkland": "2024-06-23 08:33:53 +0000"
    },
    "done": false
  },
  "woodworks:recipes/building_blocks/oak_planks_from_oak_logs_sawing": {
    "criteria": {
      "has_oak_logs": "2024-06-23 08:23:42 +0000"
    },
    "done": true
  },
  "extendedgears:recipes/create.base/crafting/large_cogwheel": {
    "criteria": {
      "has_item": "2024-06-24 03:02:14 +0000"
    },
    "done": true
  },
  "incendium:technical/using/ragnarok": {
    "criteria": {
      "log_spam_fixer": "2024-06-23 08:14:09 +0000"
    },
    "done": false
  },
  "woodworks:recipes/redstone/oak_fence_gate_from_oak_logs_sawing": {
    "criteria": {
      "has_oak_logs": "2024-06-23 08:23:42 +0000"
    },
    "done": true
  },
  "design_decor:recipes/design_decor/wood_support_from_planks_stonecutting": {
    "criteria": {
      "has_planks": "2024-06-23 08:24:37 +0000"
    },
    "done": true
  },
  "create:recipes/create.palettes/small_andesite_brick_slab_from_stone_types_andesite_stonecutting": {
    "criteria": {
      "has_stone_types_andesite": "2024-06-24 03:02:20 +0000"
    },
    "done": true
  },
  "minecraft:recipes/combat/stone_sword": {
    "criteria": {
      "has_cobblestone": "2024-06-23 08:35:35 +0000"
    },
    "done": true
  },
  "aether:recipes/tools/stone_axe_repairing": {
    "criteria": {
      "has_stone_axe": "2024-06-24 02:50:52 +0000"
    },
    "done": true
  },
  "minecraft:recipes/decorations/barrel": {
    "criteria": {
      "has_planks": "2024-06-23 08:24:37 +0000"
    },
    "done": true
  },
  "minecraft:recipes/decorations/cobblestone_wall": {
    "criteria": {
      "has_cobblestone": "2024-06-23 08:35:35 +0000"
    },
    "done": true
  },
  "environmental:recipes/building_blocks/dirt_tiles_from_dirt_stonecutting": {
    "criteria": {
      "has_dirt": "2024-06-23 08:45:58 +0000"
    },
    "done": true
  },
  "cgm:recipes/cgm/grenade_launcher": {
    "criteria": {
      "has_iron_ingot": "2024-06-24 02:27:31 +0000"
    },
    "done": true
  },
  "minecraft:recipes/tools/stone_pickaxe": {
    "criteria": {
      "has_cobblestone": "2024-06-23 08:35:35 +0000"
    },
    "done": true
  },
  "minecraft:recipes/decorations/smithing_table": {
    "criteria": {
      "has_iron_ingot": "2024-06-24 02:27:31 +0000"
    },
    "done": true
  },
  "twigs:recipes/tables/oak_table": {
    "criteria": {
      "has_bamboo": "2024-06-23 08:24:37 +0000"
    },
    "done": true
  },
  "create:recipes/create.base/crafting/kinetics/display_board": {
    "criteria": {
      "has_item": "2024-06-24 03:02:14 +0000"
    },
    "done": true
  },
  "enigmaticlegacy:main/cursed_ring": {
    "criteria": {
      "fruit": "2024-06-23 08:22:29 +0000"
    },
    "done": true
  },
  "enigmaticlegacy:recipes/generic/avarice_scroll": {
    "criteria": {
      "is_cursed_one": "2024-06-23 08:22:29 +0000"
    },
    "done": false
  },
  "woodworks:recipes/decorations/dark_oak_chest": {
    "criteria": {
      "has_lots_of_items": "2024-06-23 08:30:23 +0000"
    },
    "done": true
  },
  "minecraft:recipes/redstone/stone_pressure_plate": {
    "criteria": {
      "has_stone": "2024-06-25 02:11:30 +0000"
    },
    "done": true
  },
  "minecraft:recipes/combat/leather_boots": {
    "criteria": {
      "has_leather": "2024-06-24 02:34:59 +0000"
    },
    "done": true
  },
  "create:recipes/create.palettes/cut_andesite_wall_from_stone_types_andesite_stonecutting": {
    "criteria": {
      "has_stone_types_andesite": "2024-06-24 03:02:20 +0000"
    },
    "done": true
  },
  "minecraft:recipes/decorations/cobblestone_wall_from_cobblestone_stonecutting": {
    "criteria": {
      "has_cobblestone": "2024-06-23 08:35:35 +0000"
    },
    "done": true
  },
  "create:recipes/create.palettes/polished_cut_andesite_slab_from_stone_types_andesite_stonecutting": {
    "criteria": {
      "has_stone_types_andesite": "2024-06-24 03:02:20 +0000"
    },
    "done": true
  },
  "aether:recipes/combat/skyroot_iron_vanilla_shield": {
    "criteria": {
      "has_iron_ingot": "2024-06-24 02:27:31 +0000"
    },
    "done": true
  },
  "immersivepetroleum:recipes/building_blocks/weathered_cut_copper_paraffin_waxed": {
    "criteria": {
      "has_the_recipe": "2024-06-23 08:14:09 +0000"
    },
    "done": true
  },
  "woodworks:recipes/redstone/spruce_fence_gate_from_spruce_logs_sawing": {
    "criteria": {
      "has_spruce_logs": "2024-06-24 02:48:56 +0000"
    },
    "done": true
  },
  "create:recipes/create.base/crafting/kinetics/cogwheel": {
    "criteria": {
      "has_item": "2024-06-24 03:02:14 +0000"
    },
    "done": true
  },
  "cgm:recipes/cgm/heavy_rifle": {
    "criteria": {
      "has_iron_ingot": "2024-06-24 02:27:31 +0000"
    },
    "done": true
  },
  "minecraft:husbandry/fishy_business": {
    "criteria": {
      "upgrade_aquatic:pike": "2024-06-24 02:42:27 +0000"
    },
    "done": true
  },
  "immersivepetroleum:recipes/building_blocks/weathered_cut_copper_stairs_paraffin_waxed": {
    "criteria": {
      "has_the_recipe": "2024-06-23 08:14:09 +0000"
    },
    "done": true
  },
  "tetra:recipes/planks": {
    "criteria": {
      "got_wood": "2024-06-23 08:24:37 +0000"
    },
    "done": true
  },
  "environmental:recipes/transportation/wisteria_boat": {
    "criteria": {
      "in_water": "2024-06-23 08:32:27 +0000"
    },
    "done": true
  },
  "create:recipes/create.base/crafting/kinetics/smart_fluid_pipe": {
    "criteria": {
      "has_item": "2024-06-24 02:29:45 +0000"
    },
    "done": true
  },
  "immersiveengineering:recipes/immersiveengineering/crafting/drillhead_iron": {
    "criteria": {
      "has_iron_ingot": "2024-06-24 02:27:31 +0000"
    },
    "done": true
  },
  "minecraft:recipes/food/cooked_cod_from_smoking": {
    "criteria": {
      "has_cod": "2024-06-24 02:55:08 +0000"
    },
    "done": true
  },
  "create:recipes/create.base/crafting/kinetics/belt_connector": {
    "criteria": {
      "has_item": "2024-06-24 03:02:14 +0000"
    },
    "done": true
  },
  "woodworks:recipes/building_blocks/oak_stairs_from_oak_logs_sawing": {
    "criteria": {
      "has_oak_logs": "2024-06-23 08:23:42 +0000"
    },
    "done": true
  },
  "immersiveengineering:recipes/immersiveengineering/crafting/empty_casing": {
    "criteria": {
      "has_coppper_ingot": "2024-06-24 02:29:45 +0000"
    },
    "done": true
  },
  "minecraft:recipes/decorations/lantern": {
    "criteria": {
      "has_iron_ingot": "2024-06-24 02:27:31 +0000"
    },
    "done": true
  },
  "biomesoplenty:recipes/transportation/jacaranda_boat": {
    "criteria": {
      "in_water": "2024-06-23 08:32:27 +0000"
    },
    "done": true
  },
  "handcrafted:recipes/misc/frozen_bench": {
    "criteria": {
      "has_iron_ingot": "2024-06-24 02:27:31 +0000"
    },
    "done": true
  },
  "create:recipes/create.base/crafting/kinetics/hand_crank": {
    "criteria": {
      "has_item": "2024-06-24 03:02:14 +0000"
    },
    "done": true
  },
  "design_decor:recipes/design_decor/metal_sheet_slab_from_ingots_iron_stonecutting": {
    "criteria": {
      "has_ingots_iron": "2024-06-24 02:27:31 +0000"
    },
    "done": true
  },
  "enigmaticlegacy:recipes/generic/curse_transposer": {
    "criteria": {
      "is_cursed_one": "2024-06-23 08:22:29 +0000"
    },
    "done": false
  },
  "create:recipes/create.base/crafting/appliances/copper_diving_helmet": {
    "criteria": {
      "has_item": "2024-06-24 02:29:45 +0000"
    },
    "done": true
  },
  "woodworks:recipes/redstone/oak_button_from_oak_logs_sawing": {
    "criteria": {
      "has_oak_logs": "2024-06-23 08:23:42 +0000"
    },
    "done": true
  },
  "minecraft:recipes/misc/gold_nugget_from_smelting": {
    "criteria": {
      "has_golden_helmet": "2024-06-23 08:42:18 +0000"
    },
    "done": true
  },
  "immersivepetroleum:recipes/immersivepetroleum/asphalt_slab": {
    "criteria": {
      "has_the_recipe": "2024-06-23 08:14:09 +0000"
    },
    "done": true
  },
  "create:recipes/create.base/crafting/curiosities/minecart_coupling": {
    "criteria": {
      "has_item": "2024-06-24 03:02:14 +0000"
    },
    "done": true
  },
  "minecraft:recipes/decorations/andesite_wall": {
    "criteria": {
      "has_andesite": "2024-06-24 03:02:20 +0000"
    },
    "done": true
  },
  "nethersdelight:recipes/nethersdelight/iron_machete": {
    "criteria": {
      "has_iron_ingot": "2024-06-24 02:27:31 +0000"
    },
    "done": true
  },
  "minecraft:recipes/building_blocks/andesite_slab": {
    "criteria": {
      "has_andesite": "2024-06-24 03:02:20 +0000"
    },
    "done": true
  },
  "handcrafted:recipes/misc/pillager_trophy": {
    "criteria": {
      "has_trophy": "2024-06-25 02:11:30 +0000"
    },
    "done": true
  },
  "immersivepetroleum:recipes/immersivepetroleum/upgrade_reinforced_hull": {
    "criteria": {
      "has_the_recipe": "2024-06-23 08:14:09 +0000"
    },
    "done": true
  },
  "minecraft:recipes/tools/stone_axe": {
    "criteria": {
      "has_cobblestone": "2024-06-23 08:35:35 +0000"
    },
    "done": true
  },
  "create:recipes/create.base/crafting/kinetics/hose_pulley": {
    "criteria": {
      "has_item": "2024-06-24 02:29:45 +0000"
    },
    "done": true
  },
  "monobank:recipes/redstone/replacement_lock": {
    "criteria": {
      "has_iron": "2024-06-24 02:27:31 +0000"
    },
    "done": true
  },
  "cold_sweat:huddle_close": {
    "criteria": {
      "requirement": "2024-06-25 01:57:32 +0000"
    },
    "done": true
  },
  "twigs:recipes/paper_lanterns/dandelion_paper_lantern": {
    "criteria": {
      "has_item": "2024-06-23 08:43:14 +0000"
    },
    "done": true
  },
  "create:recipes/create.palettes/cut_andesite_brick_stairs_from_stone_types_andesite_stonecutting": {
    "criteria": {
      "has_stone_types_andesite": "2024-06-24 03:02:20 +0000"
    },
    "done": true
  },
  "immersiveengineering:recipes/immersiveengineering/crafting/empty_shell": {
    "criteria": {
      "has_coppper_ingot": "2024-06-24 02:29:45 +0000"
    },
    "done": true
  },
  "handcrafted:recipes/misc/andesite_pillar_trim": {
    "criteria": {
      "has_pillar_trim": "2024-06-24 03:02:20 +0000"
    },
    "done": true
  },
  "twigs:recipes/cobblestone_bricks/cobblestone_brick_wall_from_cobblestone_stonecutting": {
    "criteria": {
      "has_item": "2024-06-23 08:35:35 +0000"
    },
    "done": true
  },
  "minecraft:recipes/building_blocks/cobblestone_stairs_from_cobblestone_stonecutting": {
    "criteria": {
      "has_cobblestone": "2024-06-23 08:35:35 +0000"
    },
    "done": true
  },
  "thinair:recipes/thinair.main/respirator": {
    "criteria": {
      "in_dangerous_air": "2024-06-23 08:34:37 +0000"
    },
    "done": true
  },
  "woodworks:recipes/decorations/spruce_ladder": {
    "criteria": {
      "has_stick": "2024-06-23 08:24:41 +0000"
    },
    "done": true
  },
  "woodworks:recipes/building_blocks/spruce_planks_from_spruce_logs_sawing": {
    "criteria": {
      "has_spruce_logs": "2024-06-24 02:48:56 +0000"
    },
    "done": true
  },
  "biomesoplenty:recipes/transportation/willow_boat": {
    "criteria": {
      "in_water": "2024-06-23 08:32:27 +0000"
    },
    "done": true
  },
  "ulterlands:the_ulterlands": {
    "criteria": {
      "the_ulterlands": "2024-06-23 08:14:09 +0000"
    },
    "done": true
  },
  "minecraft:recipes/building_blocks/polished_andesite_stairs_from_andesite_stonecutting": {
    "criteria": {
      "has_andesite": "2024-06-24 03:02:20 +0000"
    },
    "done": true
  },
  "design_decor:recipes/design_decor/andesite_castel_tile_wall_from_stone_types_andesite_stonecutting": {
    "criteria": {
      "has_stone_types_andesite": "2024-06-24 03:02:20 +0000"
    },
    "done": true
  },
  "minecraft:recipes/decorations/campfire": {
    "criteria": {
      "has_stick": "2024-06-23 08:24:41 +0000"
    },
    "done": true
  },
  "minecraft:recipes/decorations/candle": {
    "criteria": {
      "has_string": "2024-06-24 02:41:24 +0000"
    },
    "done": true
  },
  "twigs:recipes/lamps/lamp": {
    "criteria": {
      "has_item": "2024-06-23 08:30:57 +0000"
    },
    "done": true
  },
  "minecraft:recipes/building_blocks/smooth_stone": {
    "criteria": {
      "has_stone": "2024-06-25 02:11:30 +0000"
    },
    "done": true
  },
  "biomesoplenty:recipes/transportation/mahogany_boat": {
    "criteria": {
      "in_water": "2024-06-23 08:32:27 +0000"
    },
    "done": true
  },
  "enigmaticlegacy:recipes/generic/iron_ring": {
    "criteria": {
      "has_iron_ingot": "2024-06-24 02:27:31 +0000"
    },
    "done": true
  },
  "minecraft:recipes/misc/iron_nugget": {
    "criteria": {
      "has_iron_ingot": "2024-06-24 02:27:31 +0000"
    },
    "done": true
  },
  "clayworks:recipes/misc/charcoal_from_baking": {
    "criteria": {
      "has_log": "2024-06-23 08:23:42 +0000"
    },
    "done": true
  },
  "immersiveengineering:recipes/immersiveengineering/crafting/stick_iron": {
    "criteria": {
      "has_iron_ingot": "2024-06-24 02:27:31 +0000"
    },
    "done": true
  },
  "minecraft:recipes/building_blocks/stone_slab_from_stone_stonecutting": {
    "criteria": {
      "has_stone": "2024-06-25 02:11:30 +0000"
    },
    "done": true
  },
  "create:recipes/create.base/crafting/kinetics/fluid_valve": {
    "criteria": {
      "has_item": "2024-06-24 02:29:45 +0000"
    },
    "done": true
  },
  "environmental:recipes/building_blocks/dirt_brick_vertical_slab_from_dirt_stonecutting": {
    "criteria": {
      "has_dirt": "2024-06-23 08:45:58 +0000"
    },
    "done": true
  },
  "immersiveengineering:recipes/decorations/crafting/torch": {
    "criteria": {
      "has_stick": "2024-06-23 08:24:41 +0000"
    },
    "done": true
  },
  "twigs:recipes/cobblestone_bricks/cobblestone_bricks_stonecutting": {
    "criteria": {
      "has_item": "2024-06-23 08:35:35 +0000"
    },
    "done": true
  },
  "cgm:recipes/cgm/advanced_bullet": {
    "criteria": {
      "has_copper_ingot": "2024-06-24 02:29:45 +0000"
    },
    "done": true
  },
  "woodworks:recipes/decorations/mangrove_ladder": {
    "criteria": {
      "has_stick": "2024-06-23 08:24:41 +0000"
    },
    "done": true
  },
  "create:recipes/create.base/crafting/kinetics/analog_lever": {
    "criteria": {
      "has_item": "2024-06-24 03:02:14 +0000"
    },
    "done": true
  },
  "biomesoplenty:recipes/transportation/dead_boat": {
    "criteria": {
      "in_water": "2024-06-23 08:32:27 +0000"
    },
    "done": true
  },
  "immersiveengineering:recipes/immersiveengineering/crafting/connector_lv": {
    "criteria": {
      "has_copper_ingot": "2024-06-24 02:29:45 +0000"
    },
    "done": true
  },
  "enigmaticlegacy:recipes/generic/infernal_shield": {
    "criteria": {
      "has_parent_recipe": "2024-06-24 02:27:31 +0000",
      "is_cursed_one": "2024-06-23 08:22:29 +0000"
    },
    "done": false
  },
  "minecraft:recipes/transportation/spruce_boat": {
    "criteria": {
      "in_water": "2024-06-23 08:32:27 +0000"
    },
    "done": true
  },
  "create:recipes/create.palettes/oak_window": {
    "criteria": {
      "has_ingredient": "2024-06-23 08:24:37 +0000"
    },
    "done": true
  },
  "woodworks:recipes/decorations/warped_chest": {
    "criteria": {
      "has_lots_of_items": "2024-06-23 08:30:23 +0000"
    },
    "done": true
  },
  "twigs:recipes/rocky_dirt": {
    "criteria": {
      "has_item": "2024-06-24 02:45:23 +0000"
    },
    "done": true
  },
  "farmersdelight:recipes/farmersdelight/safety_net": {
    "criteria": {
      "has_rope": "2024-06-24 02:39:49 +0000"
    },
    "done": true
  },
  "immersivepetroleum:recipes/immersivepetroleum/asphalt_stair": {
    "criteria": {
      "has_the_recipe": "2024-06-23 08:14:09 +0000"
    },
    "done": true
  },
  "minecraft:recipes/food/mushroom_stew": {
    "criteria": {
      "has_red_mushroom": "2024-06-24 02:27:52 +0000"
    },
    "done": true
  },
  "delightful:recipes/food/cooking/jelly_bottle": {
    "criteria": {
      "has_sweet_fruit": "2024-06-24 03:07:37 +0000"
    },
    "done": true
  },
  "twigs:recipes/cobblestone_bricks/cobblestone_bricks": {
    "criteria": {
      "has_item": "2024-06-23 08:35:35 +0000"
    },
    "done": true
  },
  "aether:recipes/transportation/skyroot_boat": {
    "criteria": {
      "in_water": "2024-06-23 08:32:27 +0000"
    },
    "done": true
  },
  "minecraft:recipes/misc/sugar_from_sugar_cane": {
    "criteria": {
      "has_sugar_cane": "2024-06-24 02:44:22 +0000"
    },
    "done": true
  },
  "woodworks:recipes/building_blocks/oak_boards_from_oak_logs_sawing": {
    "criteria": {
      "has_oak_logs": "2024-06-23 08:23:42 +0000"
    },
    "done": true
  },
  "minecraft:husbandry/balanced_diet": {
    "criteria": {
      "upgrade_aquatic:boiled_blue_pickerelweed": "2024-06-24 03:04:09 +0000",
      "cooked_cod": "2024-06-23 08:30:31 +0000",
      "pufferfish": "2024-06-24 03:01:09 +0000",
      "upgrade_aquatic:cooked_pike": "2024-06-24 02:43:08 +0000",
      "cooked_salmon": "2024-06-24 02:51:11 +0000"
    },
    "done": false
  },
  "minecraft:recipes/tools/wooden_hoe": {
    "criteria": {
      "has_stick": "2024-06-23 08:24:41 +0000"
    },
    "done": true
  },
  "immersiveengineering:recipes/immersiveengineering/crafting/voltmeter": {
    "criteria": {
      "has_copper_ingot": "2024-06-24 02:29:45 +0000"
    },
    "done": true
  },
  "immersivepetroleum:recipes/building_blocks/oxidized_copper_paraffin_waxed": {
    "criteria": {
      "has_the_recipe": "2024-06-23 08:14:09 +0000"
    },
    "done": true
  },
  "design_decor:recipes/design_decor/metal_plate_wall_from_ingots_iron_stonecutting": {
    "criteria": {
      "has_ingots_iron": "2024-06-24 02:27:31 +0000"
    },
    "done": true
  },
  "minecraft:recipes/food/cooked_cod": {
    "criteria": {
      "has_cod": "2024-06-24 02:55:08 +0000"
    },
    "done": true
  },
  "minecraft:recipes/misc/bucket": {
    "criteria": {
      "has_iron_ingot": "2024-06-24 02:27:31 +0000"
    },
    "done": true
  },
  "create:recipes/create.palettes/andesite_bars_from_andesite_alloy_stonecutting": {
    "criteria": {
      "has_andesite_alloy": "2024-06-24 03:02:14 +0000"
    },
    "done": true
  },
  "design_decor:recipes/design_decor/metal_sheet_stairs_from_ingots_iron_stonecutting": {
    "criteria": {
      "has_ingots_iron": "2024-06-24 02:27:31 +0000"
    },
    "done": true
  },
  "immersivepetroleum:recipes/building_blocks/exposed_copper_paraffin_waxed": {
    "criteria": {
      "has_the_recipe": "2024-06-23 08:14:09 +0000"
    },
    "done": true
  },
  "minecraft:recipes/building_blocks/cobblestone_stairs": {
    "criteria": {
      "has_cobblestone": "2024-06-23 08:35:35 +0000"
    },
    "done": true
  },
  "woodworks:recipes/decorations/acacia_ladder": {
    "criteria": {
      "has_stick": "2024-06-23 08:24:41 +0000"
    },
    "done": true
  },
  "biomesoplenty:recipes/transportation/magic_boat": {
    "criteria": {
      "in_water": "2024-06-23 08:32:27 +0000"
    },
    "done": true
  },
  "sliceanddice:recipes/tools/slicer": {
    "criteria": {
      "has_tool": "2024-06-23 08:27:37 +0000"
    },
    "done": true
  },
  "delightful:recipes/food/cooking/sinigang_no_ginger_citrus": {
    "criteria": {
      "has_ginger": "2024-06-24 03:07:37 +0000"
    },
    "done": true
  },
  "farmersdelight:recipes/food/cooking/rabbit_stew": {
    "criteria": {
      "has_any_ingredient": "2024-06-24 02:27:52 +0000"
    },
    "done": true
  },
  "extendedgears:recipes/extendedgears/crafting/half_shaft_cogwheel": {
    "criteria": {
      "has_item": "2024-06-24 03:02:14 +0000"
    },
    "done": true
  },
  "immersivepetroleum:recipes/immersiveengineering/toolupgrade_drill_lube": {
    "criteria": {
      "has_the_recipe": "2024-06-23 08:14:09 +0000"
    },
    "done": true
  },
  "aether:recipes/tools/wooden_pickaxe_repairing": {
    "criteria": {
      "has_wooden_pickaxe": "2024-06-23 08:27:25 +0000"
    },
    "done": true
  },
  "create:recipes/create.palettes/copper_tiles_from_ingots_copper_stonecutting": {
    "criteria": {
      "has_ingots_copper": "2024-06-24 02:29:45 +0000"
    },
    "done": true
  },
  "woodworks:recipes/decorations/spruce_ladder_from_spruce_logs_sawing": {
    "criteria": {
      "has_spruce_logs": "2024-06-24 02:48:56 +0000"
    },
    "done": true
  },
  "handcrafted:recipes/misc/vindicator_trophy": {
    "criteria": {
      "has_trophy": "2024-06-25 02:11:30 +0000"
    },
    "done": true
  },
  "farmersdelight:recipes/farmersdelight/grilled_salmon": {
    "criteria": {
      "has_salmon": "2024-06-24 02:42:49 +0000"
    },
    "done": true
  },
  "create:recipes/create.palettes/copper_scaffolding_from_ingots_copper_stonecutting": {
    "criteria": {
      "has_ingots_copper": "2024-06-24 02:29:45 +0000"
    },
    "done": true
  },
  "aether:recipes/combat/wooden_sword_repairing": {
    "criteria": {
      "has_wooden_sword": "2024-06-23 08:27:19 +0000"
    },
    "done": true
  },
  "design_decor:recipes/design_decor/andesite_castel_brick_stairs_from_stone_types_andesite_stonecutting": {
    "criteria": {
      "has_stone_types_andesite": "2024-06-24 03:02:20 +0000"
    },
    "done": true
  },
  "create:recipes/create.palettes/layered_andesite_from_stone_types_andesite_stonecutting": {
    "criteria": {
      "has_stone_types_andesite": "2024-06-24 03:02:20 +0000"
    },
    "done": true
  },
  "clayworks:recipes/building_blocks/smooth_stone_from_baking": {
    "criteria": {
      "has_stone": "2024-06-25 02:11:30 +0000"
    },
    "done": true
  },
  "woodworks:recipes/decorations/oak_ladder": {
    "criteria": {
      "has_stick": "2024-06-23 08:24:41 +0000"
    },
    "done": true
  },
  "incendium:technical/using/shield": {
    "criteria": {
      "log_spam_fixer": "2024-06-23 08:14:09 +0000"
    },
    "done": false
  },
  "cgm:recipes/cgm/machine_pistol": {
    "criteria": {
      "has_iron_ingot": "2024-06-24 02:27:31 +0000"
    },
    "done": true
  },
  "minecraft:recipes/misc/leather_horse_armor": {
    "criteria": {
      "has_leather": "2024-06-24 02:34:59 +0000"
    },
    "done": true
  },
  "minecraft:recipes/combat/iron_helmet": {
    "criteria": {
      "has_iron_ingot": "2024-06-24 02:27:31 +0000"
    },
    "done": true
  },
  "minecraft:recipes/combat/bow": {
    "criteria": {
      "has_string": "2024-06-24 02:41:24 +0000"
    },
    "done": true
  },
  "minecraft:recipes/redstone/oak_fence_gate": {
    "criteria": {
      "has_planks": "2024-06-23 08:24:37 +0000"
    },
    "done": true
  },
  "cold_sweat:recipes/waterskin": {
    "criteria": {
      "temperature": "2024-06-23 08:14:34 +0000"
    },
    "done": true
  },
  "woodworks:recipes/decorations/jungle_chest": {
    "criteria": {
      "has_lots_of_items": "2024-06-23 08:30:23 +0000"
    },
    "done": true
  },
  "miners_delight:recipes/miners_delight/copper_pot": {
    "criteria": {
      "has_copper": "2024-06-24 02:29:45 +0000"
    },
    "done": true
  },
  "enigmaticlegacy:book/relics/cursed_ring": {
    "criteria": {
      "has_items": "2024-06-23 08:21:40 +0000"
    },
    "done": true
  },
  "immersiveengineering:recipes/immersiveengineering/crafting/hammer": {
    "criteria": {
      "has_iron_ingot": "2024-06-24 02:27:31 +0000"
    },
    "done": true
  },
  "create:recipes/create.base/crafting/kinetics/rope_pulley": {
    "criteria": {
      "has_item": "2024-06-24 03:02:14 +0000"
    },
    "done": true
  },
  "minecraft:story/mine_stone": {
    "criteria": {
      "get_stone": "2024-06-23 08:35:35 +0000"
    },
    "done": true
  },
  "minecraft:recipes/decorations/furnace": {
    "criteria": {
      "has_cobblestone": "2024-06-23 08:35:35 +0000"
    },
    "done": true
  },
  "minecraft:recipes/transportation/minecart": {
    "criteria": {
      "has_iron_ingot": "2024-06-24 02:27:31 +0000"
    },
    "done": true
  },
  "create:recipes/create.base/crafting/logistics/andesite_funnel": {
    "criteria": {
      "has_item": "2024-06-24 03:02:14 +0000"
    },
    "done": true
  },
  "aether:recipes/combat/leather_gloves": {
    "criteria": {
      "has_leather": "2024-06-24 02:34:59 +0000"
    },
    "done": true
  },
  "minecraft:recipes/misc/charcoal": {
    "criteria": {
      "has_log": "2024-06-23 08:23:42 +0000"
    },
    "done": true
  },
  "miners_delight:recipes/miners_delight/copper_cup": {
    "criteria": {
      "has_copper": "2024-06-24 02:29:45 +0000"
    },
    "done": true
  },
  "minecraft:recipes/building_blocks/andesite_stairs": {
    "criteria": {
      "has_andesite": "2024-06-24 03:02:20 +0000"
    },
    "done": true
  },
  "forbidden_arcanus:recipes/forbidden_arcanus/edelwood_ladder": {
    "criteria": {
      "has_stick": "2024-06-23 08:24:41 +0000"
    },
    "done": true
  },
  "minecraft:recipes/tools/wooden_pickaxe": {
    "criteria": {
      "has_stick": "2024-06-23 08:24:41 +0000"
    },
    "done": true
  },
  "minecraft:recipes/tools/iron_hoe": {
    "criteria": {
      "has_iron_ingot": "2024-06-24 02:27:31 +0000"
    },
    "done": true
  },
  "immersivepetroleum:recipes/immersivepetroleum/petcoke_block_to_items": {
    "criteria": {
      "has_the_recipe": "2024-06-23 08:14:09 +0000"
    },
    "done": true
  },
  "create:recipes/create.base/crafting/kinetics/mechanical_pump": {
    "criteria": {
      "has_item": "2024-06-24 02:29:45 +0000"
    },
    "done": true
  },
  "minecraft:husbandry/root": {
    "criteria": {
      "consumed_item": "2024-06-23 08:30:31 +0000"
    },
    "done": true
  },
  "clayworks:recipes/decorations/kiln": {
    "criteria": {
      "has_cobblestone": "2024-06-23 08:35:35 +0000"
    },
    "done": true
  },
  "minecraft:recipes/transportation/birch_boat": {
    "criteria": {
      "in_water": "2024-06-23 08:32:27 +0000"
    },
    "done": true
  },
  "environmental:recipes/building_blocks/dirt_tile_vertical_slab_from_dirt_stonecutting": {
    "criteria": {
      "has_dirt": "2024-06-23 08:45:58 +0000"
    },
    "done": true
  },
  "immersivepetroleum:recipes/building_blocks/oxidized_cut_copper_stairs_paraffin_waxed": {
    "criteria": {
      "has_the_recipe": "2024-06-23 08:14:09 +0000"
    },
    "done": true
  },
  "woodworks:recipes/decorations/oak_fence_from_oak_planks_sawing": {
    "criteria": {
      "has_oak_planks": "2024-06-23 08:24:37 +0000"
    },
    "done": true
  },
  "minecraft:recipes/building_blocks/polished_andesite_from_andesite_stonecutting": {
    "criteria": {
      "has_andesite": "2024-06-24 03:02:20 +0000"
    },
    "done": true
  },
  "forbidden_arcanus:recipes/forbidden_arcanus/edelwood_chest_boat": {
    "criteria": {
      "has_chest": "2024-06-25 02:07:25 +0000"
    },
    "done": true
  },
  "minecraft:recipes/tools/iron_shovel": {
    "criteria": {
      "has_iron_ingot": "2024-06-24 02:27:31 +0000"
    },
    "done": true
  },
  "enigmaticlegacy:recipes/generic/ender_ring": {
    "criteria": {
      "has_parent_recipe": "2024-06-24 02:27:31 +0000"
    },
    "done": false
  },
  "immersiveengineering:recipes/immersiveengineering/crafting/connector_hv": {
    "criteria": {
      "has_aluminum_ingot": "2024-06-24 02:27:31 +0000"
    },
    "done": true
  },
  "immersiveengineering:recipes/immersiveengineering/crafting/component_iron": {
    "criteria": {
      "has_iron_ingot": "2024-06-24 02:27:31 +0000"
    },
    "done": true
  },
  "immersivepetroleum:recipes/immersivepetroleum/petcoke_items_to_block": {
    "criteria": {
      "has_the_recipe": "2024-06-23 08:14:09 +0000"
    },
    "done": true
  },
  "design_decor:recipes/design_decor/metal_support_from_ingots_iron_stonecutting": {
    "criteria": {
      "has_ingots_iron": "2024-06-24 02:27:31 +0000"
    },
    "done": true
  },
  "minecraft:recipes/misc/bowl": {
    "criteria": {
      "has_red_mushroom": "2024-06-24 02:27:52 +0000"
    },
    "done": true
  },
  "minecraft:recipes/food/cooked_salmon_from_campfire_cooking": {
    "criteria": {
      "has_salmon": "2024-06-24 02:42:49 +0000"
    },
    "done": true
  },
  "handcrafted:recipes/misc/witch_trophy": {
    "criteria": {
      "has_trophy": "2024-06-25 02:11:30 +0000"
    },
    "done": true
  },
  "handcrafted:recipes/misc/bench": {
    "criteria": {
      "has_iron_ingot": "2024-06-24 02:27:31 +0000"
    },
    "done": true
  },
  "farmersdelight:main/root": {
    "criteria": {
      "seeds": "2024-06-23 08:14:09 +0000"
    },
    "done": true
  },
  "minecraft:recipes/decorations/item_frame": {
    "criteria": {
      "has_leather": "2024-06-24 02:34:59 +0000"
    },
    "done": true
  },
  "minecraft:recipes/tools/stone_hoe": {
    "criteria": {
      "has_cobblestone": "2024-06-23 08:35:35 +0000"
    },
    "done": true
  },
  "create:recipes/create.base/crafting/kinetics/piston_extension_pole": {
    "criteria": {
      "has_item": "2024-06-24 03:02:14 +0000"
    },
    "done": true
  },
  "woodworks:recipes/building_blocks/oak_boards": {
    "criteria": {
      "has_oak_planks": "2024-06-23 08:24:37 +0000"
    },
    "done": true
  },
  "create:recipes/create.base/crafting/kinetics/wooden_bracket": {
    "criteria": {
      "has_item": "2024-06-24 03:02:14 +0000"
    },
    "done": true
  },
  "aether:recipes/combat/shield_repairing": {
    "criteria": {
      "has_shield": "2024-06-25 02:05:58 +0000"
    },
    "done": true
  },
  "woodworks:recipes/decorations/oak_fence_from_oak_logs_sawing": {
    "criteria": {
      "has_oak_logs": "2024-06-23 08:23:42 +0000"
    },
    "done": true
  },
  "create:recipes/create.base/crafting/kinetics/contraption_controls": {
    "criteria": {
      "has_item": "2024-06-24 03:02:14 +0000"
    },
    "done": true
  },
  "woodworks:recipes/decorations/oak_chest": {
    "criteria": {
      "has_lots_of_items": "2024-06-23 08:30:23 +0000"
    },
    "done": true
  },
  "farmersdelight:recipes/farmersdelight/cooking/dog_food": {
    "criteria": {
      "has_any_ingredient": "2024-06-24 02:50:21 +0000"
    },
    "done": true
  },
  "create:recipes/create.base/crafting/kinetics/speedometer": {
    "criteria": {
      "has_item": "2024-06-24 03:02:14 +0000"
    },
    "done": true
  },
  "create:recipes/create.palettes/cut_andesite_brick_slab_from_stone_types_andesite_stonecutting": {
    "criteria": {
      "has_stone_types_andesite": "2024-06-24 03:02:20 +0000"
    },
    "done": true
  },
  "woodworks:recipes/building_blocks/oak_stairs_from_oak_planks_sawing": {
    "criteria": {
      "has_oak_planks": "2024-06-23 08:24:37 +0000"
    },
    "done": true
  },
  "environmental:recipes/building_blocks/dirt_brick_slab_from_dirt_stonecutting": {
    "criteria": {
      "has_dirt": "2024-06-23 08:45:58 +0000"
    },
    "done": true
  },
  "brewinandchewin:recipes/brewinandchewin/fermenting/unripe_flaxen_cheese_wheel": {
    "criteria": {
      "has_any_ingredient": "2024-06-24 02:27:59 +0000"
    },
    "done": true
  },
  "woodworks:recipes/decorations/dark_oak_ladder": {
    "criteria": {
      "has_stick": "2024-06-23 08:24:41 +0000"
    },
    "done": true
  },
  "miners_delight:recipes/miners_delight/cooking/cave_soup": {
    "criteria": {
      "has_any_ingredient": "2024-06-24 02:27:52 +0000"
    },
    "done": true
  },
  "woodworks:recipes/building_blocks/oak_boards_from_oak_planks_sawing": {
    "criteria": {
      "has_oak_planks": "2024-06-23 08:24:37 +0000"
    },
    "done": true
  },
  "immersivepetroleum:recipes/decorations/candle": {
    "criteria": {
      "has_the_recipe": "2024-06-23 08:14:09 +0000"
    },
    "done": true
  },
  "toms_storage:unlock_chest": {
    "criteria": {
      "inv_changed-chest": "2024-06-23 08:14:09 +0000"
    },
    "done": true
  },
  "create:root": {
    "criteria": {
      "0": "2024-06-23 08:14:09 +0000"
    },
    "done": true
  },
  "betterdeserttemples:root": {
    "criteria": {
      "always": "2024-06-23 08:14:09 +0000"
    },
    "done": true
  },
  "woodworks:recipes/redstone/spruce_trapdoor_from_spruce_logs_sawing": {
    "criteria": {
      "has_spruce_logs": "2024-06-24 02:48:56 +0000"
    },
    "done": true
  },
  "naturescompass:natures_compass_log": {
    "criteria": {
      "has_recipe": "2024-06-23 08:14:09 +0000"
    },
    "done": true
  },
  "environmental:recipes/transportation/cherry_boat": {
    "criteria": {
      "in_water": "2024-06-23 08:32:27 +0000"
    },
    "done": true
  },
  "nethersdelight:recipes/nethersdelight/blackstone_blast_furnace": {
    "criteria": {
      "has_iron": "2024-06-24 02:27:31 +0000"
    },
    "done": true
  },
  "forbidden_arcanus:recipes/forbidden_arcanus/iron_blacksmith_gavel": {
    "criteria": {
      "has_ingots/iron": "2024-06-24 02:27:31 +0000"
    },
    "done": true
  },
  "minecraft:story/upgrade_tools": {
    "criteria": {
      "stone_pickaxe": "2024-06-23 08:37:43 +0000"
    },
    "done": true
  },
  "minecraft:recipes/decorations/snow": {
    "criteria": {
      "has_snowball": "2024-06-25 02:10:51 +0000"
    },
    "done": true
  },
  "aether_redux:recipes/transportation/glacia_boat": {
    "criteria": {
      "in_water": "2024-06-23 08:32:27 +0000"
    },
    "done": true
  },
  "minecraft:recipes/transportation/oak_boat": {
    "criteria": {
      "in_water": "2024-06-23 08:32:27 +0000"
    },
    "done": true
  },
  "farmersdelight:main/eat_comfort_food": {
    "criteria": {
      "comfort": "2024-06-24 02:31:58 +0000"
    },
    "done": true
  },
  "enigmaticlegacy:book/relics/eldritch_amulet": {
    "criteria": {
      "is_the_cursed_one": "2024-06-23 08:22:29 +0000"
    },
    "done": false
  },
  "twigs:recipes/columns/stone_column": {
    "criteria": {
      "has_item": "2024-06-25 02:11:30 +0000"
    },
    "done": true
  },
  "cgm:recipes/cgm/rifle": {
    "criteria": {
      "has_iron_ingot": "2024-06-24 02:27:31 +0000"
    },
    "done": true
  },
  "handcrafted:recipes/misc/creeper_trophy": {
    "criteria": {
      "has_trophy": "2024-06-25 02:11:30 +0000"
    },
    "done": true
  },
  "enigmaticlegacy:recipes/generic/the_twist": {
    "criteria": {
      "has_parent_recipe": "2024-06-23 08:14:09 +0000",
      "is_cursed_one": "2024-06-23 08:22:29 +0000"
    },
    "done": false
  },
  "create:recipes/create.palettes/cut_andesite_from_stone_types_andesite_stonecutting": {
    "criteria": {
      "has_stone_types_andesite": "2024-06-24 03:02:20 +0000"
    },
    "done": true
  },
  "woodworks:recipes/decorations/spruce_chest": {
    "criteria": {
      "has_lots_of_items": "2024-06-23 08:30:23 +0000"
    },
    "done": true
  },
  "woodworks:recipes/decorations/crimson_chest": {
    "criteria": {
      "has_lots_of_items": "2024-06-23 08:30:23 +0000"
    },
    "done": true
  },
  "forbidden_arcanus:recipes/forbidden_arcanus/wooden_blacksmith_gavel": {
    "criteria": {
      "has_planks": "2024-06-23 08:24:37 +0000"
    },
    "done": true
  },
  "extendedgears:recipes/create.base/crafting/cogwheel": {
    "criteria": {
      "has_item": "2024-06-24 03:02:14 +0000"
    },
    "done": true
  },
  "immersivepetroleum:recipes/immersivepetroleum/upgrade_rudders": {
    "criteria": {
      "has_the_recipe": "2024-06-23 08:14:09 +0000"
    },
    "done": true
  },
  "minecraft:recipes/tools/wooden_axe": {
    "criteria": {
      "has_stick": "2024-06-23 08:24:41 +0000"
    },
    "done": true
  },
  "create:recipes/create.base/crafting/kinetics/fluid_pipe_vertical": {
    "criteria": {
      "has_item": "2024-06-24 02:29:45 +0000"
    },
    "done": true
  },
  "sophisticatedstorage:recipes/sophisticatedstorage/oak_barrel": {
    "criteria": {
      "has_oak_plank": "2024-06-23 08:24:37 +0000"
    },
    "done": true
  },
  "woodworks:recipes/redstone/oak_door_from_oak_logs_sawing": {
    "criteria": {
      "has_oak_logs": "2024-06-23 08:23:42 +0000"
    },
    "done": true
  },
  "twigs:recipes/cobblestone_bricks/cobblestone_brick_stairs_from_cobblestone_stonecutting": {
    "criteria": {
      "has_item": "2024-06-23 08:35:35 +0000"
    },
    "done": true
  },
  "immersiveengineering:recipes/immersiveengineering/crafting/radiator": {
    "criteria": {
      "has_copper_ingot": "2024-06-24 02:29:45 +0000"
    },
    "done": true
  },
  "minecraft:recipes/misc/paper": {
    "criteria": {
      "has_reeds": "2024-06-24 02:44:22 +0000"
    },
    "done": true
  },
  "create:recipes/create.base/crafting/kinetics/goggles": {
    "criteria": {
      "has_item": "2024-06-24 03:02:14 +0000"
    },
    "done": true
  },
  "minecraft:recipes/building_blocks/stone_bricks_from_stone_stonecutting": {
    "criteria": {
      "has_stone": "2024-06-25 02:11:30 +0000"
    },
    "done": true
  },
  "create:copper": {
    "criteria": {
      "0": "2024-06-24 02:29:45 +0000"
    },
    "done": true
  },
  "immersivepetroleum:recipes/immersivepetroleum/paraffin_wax_to_block": {
    "criteria": {
      "has_the_recipe": "2024-06-23 08:14:09 +0000"
    },
    "done": true
  },
  "minecraft:recipes/decorations/loom": {
    "criteria": {
      "has_string": "2024-06-24 02:41:24 +0000"
    },
    "done": true
  },
  "biomesoplenty:recipes/transportation/palm_boat": {
    "criteria": {
      "in_water": "2024-06-23 08:32:27 +0000"
    },
    "done": true
  },
  "cold_sweat:root": {
    "criteria": {
      "requirement": "2024-06-23 08:14:09 +0000"
    },
    "done": true
  },
  "create:recipes/create.base/crafting/kinetics/gearbox": {
    "criteria": {
      "has_item": "2024-06-23 08:18:03 +0000"
    },
    "done": true
  },
  "environmental:recipes/decorations/wisteria_chest": {
    "criteria": {
      "has_lots_of_items": "2024-06-23 08:30:23 +0000"
    },
    "done": true
  },
  "woodworks:recipes/building_blocks/oak_slab_from_oak_logs_sawing": {
    "criteria": {
      "has_oak_logs": "2024-06-23 08:23:42 +0000"
    },
    "done": true
  },
  "handcrafted:recipes/misc/skeleton_trophy": {
    "criteria": {
      "has_trophy": "2024-06-25 02:11:30 +0000"
    },
    "done": true
  },
  "biomesoplenty:recipes/transportation/redwood_boat": {
    "criteria": {
      "in_water": "2024-06-23 08:32:27 +0000"
    },
    "done": true
  },
  "immersivepetroleum:recipes/building_blocks/copper_block_paraffin_waxed": {
    "criteria": {
      "has_the_recipe": "2024-06-23 08:14:09 +0000"
    },
    "done": true
  },
  "enigmaticlegacy:recipes/generic/twisted_heart": {
    "criteria": {
      "is_cursed_one": "2024-06-23 08:22:29 +0000"
    },
    "done": false
  },
  "aquamirae:adventure/root": {
    "criteria": {
      "crafting_table": "2024-06-23 08:37:26 +0000"
    },
    "done": true
  },
  "twigs:recipes/columns/stone_column_stonecutting": {
    "criteria": {
      "has_item": "2024-06-25 02:11:30 +0000"
    },
    "done": true
  },
  "aether:recipes/tools/fishing_rod_repairing": {
    "criteria": {
      "has_fishing_rod": "2024-06-24 02:41:44 +0000"
    },
    "done": true
  },
  "immersivepetroleum:recipes/building_blocks/exposed_cut_copper_slab_paraffin_waxed": {
    "criteria": {
      "has_the_recipe": "2024-06-23 08:14:09 +0000"
    },
    "done": true
  },
  "enigmaticlegacy:recipes/generic/cursed_stone": {
    "criteria": {
      "is_cursed_one": "2024-06-23 08:22:29 +0000"
    },
    "done": false
  },
  "minecraft:recipes/building_blocks/andesite_slab_from_andesite_stonecutting": {
    "criteria": {
      "has_andesite": "2024-06-24 03:02:20 +0000"
    },
    "done": true
  },
  "minecraft:recipes/building_blocks/stone_slab": {
    "criteria": {
      "has_stone": "2024-06-25 02:11:30 +0000"
    },
    "done": true
  },
  "minecraft:recipes/building_blocks/coal_block": {
    "criteria": {
      "has_coal": "2024-06-23 08:30:51 +0000"
    },
    "done": true
  },
  "farmersdelight:recipes/food/cooking/mushroom_stew": {
    "criteria": {
      "has_any_ingredient": "2024-06-24 02:27:52 +0000"
    },
    "done": true
  },
  "immersivepetroleum:recipes/building_blocks/cut_copper_paraffin_waxed": {
    "criteria": {
      "has_the_recipe": "2024-06-23 08:14:09 +0000"
    },
    "done": true
  },
  "minecraft:recipes/misc/gold_nugget_from_blasting": {
    "criteria": {
      "has_golden_helmet": "2024-06-23 08:42:18 +0000"
    },
    "done": true
  },
  "minecraft:recipes/tools/stone_shovel": {
    "criteria": {
      "has_cobblestone": "2024-06-23 08:35:35 +0000"
    },
    "done": true
  },
  "woodworks:recipes/redstone/spruce_pressure_plate_from_spruce_logs_sawing": {
    "criteria": {
      "has_spruce_logs": "2024-06-24 02:48:56 +0000"
    },
    "done": true
  },
  "immersivepetroleum:recipes/immersivepetroleum/paraffin_wax_block_to_items": {
    "criteria": {
      "has_the_recipe": "2024-06-23 08:14:09 +0000"
    },
    "done": true
  },
  "farmersdelight:recipes/farmersdelight/cooking/bone_broth": {
    "criteria": {
      "has_bone": "2024-06-23 08:32:22 +0000"
    },
    "done": true
  },
  "environmental:recipes/transportation/willow_boat": {
    "criteria": {
      "in_water": "2024-06-23 08:32:27 +0000"
    },
    "done": true
  },
  "farmersdelight:recipes/farmersdelight/cooking/mushroom_rice": {
    "criteria": {
      "has_any_ingredient": "2024-06-24 02:27:52 +0000"
    },
    "done": true
  },
  "enigmaticlegacy:recipes/generic/golden_ring": {
    "criteria": {
      "has_parent_recipe": "2024-06-24 02:27:31 +0000"
    },
    "done": false
  },
  "cataclysm:root": {
    "criteria": {
      "custom_test_name": "2024-06-23 08:14:09 +0000"
    },
    "done": true
  },
  "woodworks:recipes/decorations/oak_sign_from_oak_logs_sawing": {
    "criteria": {
      "has_oak_logs": "2024-06-23 08:23:42 +0000"
    },
    "done": true
  },
  "cgm:recipes/cgm/workbench": {
    "criteria": {
      "has_iron": "2024-06-24 02:27:31 +0000"
    },
    "done": true
  },
  "environmental:recipes/building_blocks/dirt_tile_slab_from_dirt_stonecutting": {
    "criteria": {
      "has_dirt": "2024-06-23 08:45:58 +0000"
    },
    "done": true
  },
  "sophisticatedstorage:recipes/sophisticatedstorage/upgrade_base": {
    "criteria": {
      "has_iron_ingot": "2024-06-24 02:27:31 +0000"
    },
    "done": true
  },
  "minecraft:recipes/tools/lead": {
    "criteria": {
      "has_slime_ball": "2024-06-24 02:51:02 +0000"
    },
    "done": true
  },
  "minecraft:recipes/redstone/oak_pressure_plate": {
    "criteria": {
      "has_planks": "2024-06-23 08:24:37 +0000"
    },
    "done": true
  },
  "woodworks:recipes/building_blocks/spruce_boards_from_spruce_logs_sawing": {
    "criteria": {
      "has_spruce_logs": "2024-06-24 02:48:56 +0000"
    },
    "done": true
  },
  "cgm:recipes/cgm/bazooka": {
    "criteria": {
      "has_iron_ingot": "2024-06-24 02:27:31 +0000"
    },
    "done": true
  },
  "enigmaticlegacy:book/relics/enigmatic_amulet": {
    "criteria": {
      "has_items": "2024-06-23 08:14:09 +0000"
    },
    "done": true
  },
  "extendedgears:recipes/extendedgears/crafting/small_large_half_shaft_cogwheel_to_large/large_half_shaft_cogwheel": {
    "criteria": {
      "has_item": "2024-06-24 03:02:14 +0000"
    },
    "done": true
  },
  "immersivepetroleum:recipes/immersivepetroleum/molotov_wool": {
    "criteria": {
      "has_the_recipe": "2024-06-23 08:14:09 +0000"
    },
    "done": true
  },
  "biomesoplenty:biomesoplenty/root": {
    "criteria": {
      "maple_woods": "2024-06-23 08:14:09 +0000"
    },
    "done": true
  },
  "aether:recipes/tools/stone_pickaxe_repairing": {
    "criteria": {
      "has_stone_pickaxe": "2024-06-23 08:37:43 +0000"
    },
    "done": true
  },
  "cgm:recipes/cgm/shotgun": {
    "criteria": {
      "has_iron_ingot": "2024-06-24 02:27:31 +0000"
    },
    "done": true
  },
  "create:recipes/create.base/crafting/kinetics/turntable": {
    "criteria": {
      "has_item": "2024-06-24 03:02:14 +0000"
    },
    "done": true
  },
  "design_decor:recipes/design_decor/andesite_castel_brick_wall_from_stone_types_andesite_stonecutting": {
    "criteria": {
      "has_stone_types_andesite": "2024-06-24 03:02:20 +0000"
    },
    "done": true
  },
  "minecraft:recipes/building_blocks/oak_wood": {
    "criteria": {
      "has_log": "2024-06-23 08:23:42 +0000"
    },
    "done": true
  },
  "immersiveengineering:recipes/immersiveengineering/crafting/wirecoil_copper": {
    "criteria": {
      "has_copper_ingot": "2024-06-24 02:29:45 +0000"
    },
    "done": true
  },
  "minecraft:recipes/food/cooked_salmon": {
    "criteria": {
      "has_salmon": "2024-06-24 02:42:49 +0000"
    },
    "done": true
  },
  "minecraft:story/root": {
    "criteria": {
      "crafting_table": "2024-06-23 08:37:26 +0000"
    },
    "done": true
  },
  "aether:recipes/combat/iron_boots_repairing": {
    "criteria": {
      "has_iron_boots": "2024-06-24 02:47:16 +0000"
    },
    "done": true
  },
  "create:recipes/create.base/crafting/kinetics/copper_valve_handle": {
    "criteria": {
      "has_item": "2024-06-24 02:29:45 +0000"
    },
    "done": true
  },
  "forbidden_arcanus:recipes/forbidden_arcanus/cherry_chest_boat": {
    "criteria": {
      "has_chest": "2024-06-25 02:07:25 +0000"
    },
    "done": true
  },
  "cgm:recipes/cgm/shell": {
    "criteria": {
      "has_copper_ingot": "2024-06-24 02:29:45 +0000"
    },
    "done": true
  },
  "aether:recipes/tools/iron_pickaxe_repairing": {
    "criteria": {
      "has_iron_pickaxe": "2024-06-24 02:38:50 +0000"
    },
    "done": true
  },
  "aether_redux:recipes/transportation/jellyshroom_boat": {
    "criteria": {
      "in_water": "2024-06-23 08:32:27 +0000"
    },
    "done": true
  },
  "aether:recipes/combat/golden_helmet_repairing": {
    "criteria": {
      "has_golden_helmet": "2024-06-23 08:42:18 +0000"
    },
    "done": true
  },
  "environmental:recipes/decorations/willow_chest": {
    "criteria": {
      "has_lots_of_items": "2024-06-23 08:30:23 +0000"
    },
    "done": true
  },
  "twigs:recipes/bone_meal_from_seashells": {
    "criteria": {
      "has_item": "2024-06-24 02:44:20 +0000"
    },
    "done": true
  },
  "immersivepetroleum:recipes/building_blocks/cut_copper_stairs_paraffin_waxed": {
    "criteria": {
      "has_the_recipe": "2024-06-23 08:14:09 +0000"
    },
    "done": true
  },
  "minecraft:recipes/combat/leather_chestplate": {
    "criteria": {
      "has_leather": "2024-06-24 02:34:59 +0000"
    },
    "done": true
  },
  "extendedgears:recipes/extendedgears/crafting/large_shaftless_cogwheel": {
    "criteria": {
      "has_item": "2024-06-24 03:02:14 +0000"
    },
    "done": true
  },
  "create:recipes/create.base/crafting/kinetics/sticker": {
    "criteria": {
      "has_item": "2024-06-24 03:02:14 +0000"
    },
    "done": true
  },
  "design_decor:recipes/design_decor/andesite_castel_tile_stairs_from_stone_types_andesite_stonecutting": {
    "criteria": {
      "has_stone_types_andesite": "2024-06-24 03:02:20 +0000"
    },
    "done": true
  },
  "create:recipes/create.base/crafting/appliances/crafting_blueprint": {
    "criteria": {
      "has_item": "2024-06-23 08:37:26 +0000"
    },
    "done": true
  },
  "immersivepetroleum:recipes/immersivepetroleum/gas_generator": {
    "criteria": {
      "has_the_recipe": "2024-06-23 08:14:09 +0000"
    },
    "done": true
  },
  "minecraft:recipes/redstone/oak_button": {
    "criteria": {
      "has_planks": "2024-06-23 08:24:37 +0000"
    },
    "done": true
  },
  "woodworks:recipes/redstone/spruce_button_from_spruce_logs_sawing": {
    "criteria": {
      "has_spruce_logs": "2024-06-24 02:48:56 +0000"
    },
    "done": true
  },
  "cold_sweat:recipes/thermometer": {
    "criteria": {
      "temperature": "2024-06-23 08:14:09 +0000"
    },
    "done": true
  },
  "handcrafted:recipes/misc/evoker_trophy": {
    "criteria": {
      "has_trophy": "2024-06-25 02:11:30 +0000"
    },
    "done": true
  },
  "farmersdelight:recipes/farmersdelight/flint_knife": {
    "criteria": {
      "has_stick": "2024-06-23 08:24:41 +0000"
    },
    "done": true
  },
  "aether:recipes/combat/iron_chestplate_repairing": {
    "criteria": {
      "has_iron_chestplate": "2024-06-24 02:34:09 +0000"
    },
    "done": true
  },
  "create:recipes/create.palettes/polished_cut_andesite_wall_from_stone_types_andesite_stonecutting": {
    "criteria": {
      "has_stone_types_andesite": "2024-06-24 03:02:20 +0000"
    },
    "done": true
  },
  "minecraft:recipes/building_blocks/polished_andesite": {
    "criteria": {
      "has_andesite": "2024-06-24 03:02:20 +0000"
    },
    "done": true
  },
  "create:recipes/create.palettes/andesite_pillar_from_stone_types_andesite_stonecutting": {
    "criteria": {
      "has_stone_types_andesite": "2024-06-24 03:02:20 +0000"
    },
    "done": true
  },
  "woodworks:recipes/decorations/spruce_sign_from_spruce_logs_sawing": {
    "criteria": {
      "has_spruce_logs": "2024-06-24 02:48:56 +0000"
    },
    "done": true
  },
  "minecraft:recipes/redstone/iron_door": {
    "criteria": {
      "has_iron_ingot": "2024-06-24 02:27:31 +0000"
    },
    "done": true
  },
  "undead_unleashed:undead_unleashed": {
    "criteria": {
      "undead_unleashed": "2024-06-23 08:14:08 +0000"
    },
    "done": true
  },
  "create:recipes/create.palettes/small_andesite_brick_wall_from_stone_types_andesite_stonecutting": {
    "criteria": {
      "has_stone_types_andesite": "2024-06-24 03:02:20 +0000"
    },
    "done": true
  },
  "create:recipes/create.palettes/copper_bars_from_ingots_copper_stonecutting": {
    "criteria": {
      "has_ingots_copper": "2024-06-24 02:29:45 +0000"
    },
    "done": true
  },
  "cold_sweat:extreme_temps": {
    "criteria": {
      "requirement": "2024-06-23 08:14:09 +0000"
    },
    "done": true
  },
  "minecraft:recipes/misc/copper_ingot_from_smelting_raw_copper": {
    "criteria": {
      "has_raw_copper": "2024-06-23 08:38:23 +0000"
    },
    "done": true
  },
  "create:recipes/create.base/crafting/kinetics/filter": {
    "criteria": {
      "has_item": "2024-06-24 03:02:14 +0000"
    },
    "done": true
  },
  "immersive_aircraft:misc/aircraftery": {
    "criteria": {
      "has_item": "2024-06-24 02:27:31 +0000"
    },
    "done": true
  },
  "toms_storage:unlock_dia_pearl": {
    "criteria": {
      "inv_changed-ender_pearl": "2024-06-23 08:14:09 +0000",
      "inv_changed-diamond": "2024-06-23 08:14:09 +0000"
    },
    "done": true
  },
  "handcrafted:recipes/misc/andesite_corner_trim": {
    "criteria": {
      "has_corner_trim": "2024-06-24 03:02:20 +0000"
    },
    "done": true
  },
  "minecraft:recipes/building_blocks/snow_block": {
    "criteria": {
      "has_snowball": "2024-06-25 02:10:51 +0000"
    },
    "done": true
  },
  "incendium:technical/new_player": {
    "criteria": {
      "requirement": "2024-06-23 08:14:09 +0000"
    },
    "done": true
  },
  "monobank:recipes/decorations/monobank": {
    "criteria": {
      "has_iron": "2024-06-24 02:27:31 +0000"
    },
    "done": true
  },
  "immersivepetroleum:recipes/immersivepetroleum/asphalt2": {
    "criteria": {
      "has_the_recipe": "2024-06-23 08:14:09 +0000"
    },
    "done": true
  },
  "minecraft:recipes/redstone/oak_door": {
    "criteria": {
      "has_planks": "2024-06-23 08:24:37 +0000"
    },
    "done": true
  },
  "aether:recipes/decorations/skyroot_chest": {
    "criteria": {
      "has_lots_of_items": "2024-06-23 08:30:23 +0000"
    },
    "done": true
  },
  "minecraft:recipes/transportation/jungle_boat": {
    "criteria": {
      "in_water": "2024-06-23 08:32:27 +0000"
    },
    "done": true
  },
  "cgm:recipes/cgm/pistol": {
    "criteria": {
      "has_iron_ingot": "2024-06-24 02:27:31 +0000"
    },
    "done": true
  },
  "immersiveengineering:recipes/immersiveengineering/crafting/light_engineering": {
    "criteria": {
      "has_copper_ingot": "2024-06-24 02:29:45 +0000"
    },
    "done": true
  },
  "enigmaticlegacy:recipes/generic/berserk_charm": {
    "criteria": {
      "is_cursed_one": "2024-06-23 08:22:29 +0000"
    },
    "done": false
  },
  "immersiveengineering:recipes/immersiveengineering/crafting/powerpack": {
    "criteria": {
      "has_copper_ingot": "2024-06-24 02:29:45 +0000"
    },
    "done": true
  },
  "minecraft:recipes/decorations/stone_brick_walls_from_stone_stonecutting": {
    "criteria": {
      "has_stone": "2024-06-25 02:11:30 +0000"
    },
    "done": true
  },
  "immersivepetroleum:recipes/immersivepetroleum/upgrade_icebreaker": {
    "criteria": {
      "has_the_recipe": "2024-06-23 08:14:09 +0000"
    },
    "done": true
  },
  "minecraft:recipes/redstone/heavy_weighted_pressure_plate": {
    "criteria": {
      "has_iron_ingot": "2024-06-24 02:27:31 +0000"
    },
    "done": true
  },
  "minecraft:recipes/transportation/dark_oak_boat": {
    "criteria": {
      "in_water": "2024-06-23 08:32:27 +0000"
    },
    "done": true
  },
  "create:recipes/create.base/crafting/kinetics/windmill_bearing": {
    "criteria": {
      "has_item": "2024-06-24 03:02:14 +0000"
    },
    "done": true
  },
  "enigmaticlegacy:recipes/generic/cursed_scroll": {
    "criteria": {
      "is_cursed_one": "2024-06-23 08:22:29 +0000"
    },
    "done": false
  },
  "minecraft:recipes/decorations/andesite_wall_from_andesite_stonecutting": {
    "criteria": {
      "has_andesite": "2024-06-24 03:02:20 +0000"
    },
    "done": true
  },
  "enigmaticlegacy:recipes/generic/ender_slayer": {
    "criteria": {
      "is_cursed_one": "2024-06-23 08:22:29 +0000"
    },
    "done": false
  },
  "aether:recipes/combat/iron_leggings_repairing": {
    "criteria": {
      "has_iron_leggings": "2024-06-24 02:34:31 +0000"
    },
    "done": true
  },
  "extendedgears:recipes/extendedgears/crafting/shaftless_cogwheel": {
    "criteria": {
      "has_item": "2024-06-24 03:02:14 +0000"
    },
    "done": true
  },
  "immersivepetroleum:recipes/immersivepetroleum/oil_can": {
    "criteria": {
      "has_the_recipe": "2024-06-23 08:14:09 +0000"
    },
    "done": true
  },
  "brewinandchewin:recipes/brewinandchewin/fermenting/kippers": {
    "criteria": {
      "has_any_ingredient": "2024-06-24 02:55:08 +0000"
    },
    "done": true
  },
  "environmental:recipes/decorations/cherry_chest": {
    "criteria": {
      "has_lots_of_items": "2024-06-23 08:30:23 +0000"
    },
    "done": true
  },
  "woodworks:recipes/decorations/mangrove_chest": {
    "criteria": {
      "has_lots_of_items": "2024-06-23 08:30:23 +0000"
    },
    "done": true
  },
  "immersivepetroleum:recipes/building_blocks/oxidized_cut_copper_paraffin_waxed": {
    "criteria": {
      "has_the_recipe": "2024-06-23 08:14:09 +0000"
    },
    "done": true
  },
  "create:recipes/create.base/crafting/kinetics/white_sail": {
    "criteria": {
      "has_item": "2024-06-24 03:02:14 +0000"
    },
    "done": true
  },
  "minecraft:recipes/building_blocks/stone_stairs": {
    "criteria": {
      "has_stone": "2024-06-25 02:11:30 +0000"
    },
    "done": true
  },
  "environmental:recipes/decorations/pine_chest": {
    "criteria": {
      "has_lots_of_items": "2024-06-23 08:30:23 +0000"
    },
    "done": true
  },
  "goodending:recipes/muddy_oak_boat": {
    "criteria": {
      "in_water": "2024-06-23 08:32:27 +0000"
    },
    "done": true
  },
  "thinair:recipes/thinair.main/safety_lantern": {
    "criteria": {
      "in_dangerous_air": "2024-06-23 08:34:37 +0000"
    },
    "done": true
  },
  "create:recipes/create.palettes/crafting/materials/andesite_alloy_block": {
    "criteria": {
      "has_item": "2024-06-24 03:02:14 +0000"
    },
    "done": true
  },
  "thinair:root": {
    "criteria": {
      "bad_air": "2024-06-23 08:34:37 +0000"
    },
    "done": true
  },
  "immersiveengineering:recipes/immersiveengineering/crafting/connector_lv_relay": {
    "criteria": {
      "has_copper_ingot": "2024-06-24 02:29:45 +0000"
    },
    "done": true
  },
  "twigs:recipes/stick_from_twig": {
    "criteria": {
      "has_item": "2024-06-23 08:44:11 +0000"
    },
    "done": true
  },
  "create:recipes/create.base/crafting/kinetics/steam_whistle": {
    "criteria": {
      "has_item": "2024-06-24 02:29:45 +0000"
    },
    "done": true
  },
  "thinair:recipes/thinair.main/air_bladder": {
    "criteria": {
      "in_dangerous_air": "2024-06-23 08:34:37 +0000"
    },
    "done": true
  },
  "enigmaticlegacy:recipes/generic/enchanter_pearl": {
    "criteria": {
      "is_cursed_one": "2024-06-23 08:22:29 +0000"
    },
    "done": false
  },
  "environmental:recipes/decorations/dirt_brick_wall_from_dirt_stonecutting": {
    "criteria": {
      "has_dirt": "2024-06-23 08:45:58 +0000"
    },
    "done": true
  },
  "environmental:recipes/misc/mud_ball_from_dirt": {
    "criteria": {
      "has_dirt": "2024-06-23 08:45:58 +0000"
    },
    "done": true
  },
  "enigmaticlegacy:main/root": {
    "criteria": {
      "flower": "2024-06-23 08:14:09 +0000"
    },
    "done": true
  },
  "farmersrespite:recipes/farmersrespite/black_cod": {
    "criteria": {
      "has_cod": "2024-06-23 08:21:21 +0000"
    },
    "done": true
  },
  "minecraft:recipes/decorations/soul_campfire": {
    "criteria": {
      "has_stick": "2024-06-23 08:24:41 +0000"
    },
    "done": true
  },
  "create:recipes/create.base/crafting/kinetics/fluid_pipe": {
    "criteria": {
      "has_item": "2024-06-24 02:29:45 +0000"
    },
    "done": true
  },
  "minecraft:story/smelt_iron": {
    "criteria": {
      "iron": "2024-06-24 02:27:31 +0000"
    },
    "done": true
  },
  "aether:recipes/tools/wooden_axe_repairing": {
    "criteria": {
      "has_wooden_axe": "2024-06-23 08:27:37 +0000"
    },
    "done": true
  },
  "design_decor:recipes/design_decor/andesite_castel_tiles_from_stone_types_andesite_stonecutting": {
    "criteria": {
      "has_stone_types_andesite": "2024-06-24 03:02:20 +0000"
    },
    "done": true
  },
  "environmental:recipes/building_blocks/dirt_bricks_from_dirt_stonecutting": {
    "criteria": {
      "has_dirt": "2024-06-23 08:45:58 +0000"
    },
    "done": true
  },
  "immersiveengineering:recipes/immersiveengineering/crafting/conveyor_basic": {
    "criteria": {
      "has_leather": "2024-06-24 02:34:59 +0000"
    },
    "done": true
  },
  "create:recipes/create.base/crafting/kinetics/linear_chassis": {
    "criteria": {
      "has_item": "2024-06-24 03:02:14 +0000"
    },
    "done": true
  },
  "DataVersion": 3120
}